ine_code,name,area_km2,population,income_net_pp,income_net_hh,income_median_uc,ev_cero,vehicles_total,public_sites,public_points,public_fast_sites,private_sites,fuel_stations,n_retail,n_office,n_food,n_transit,n_parking,dist_nearest_public_km,pop_density_km2,ev_share,evs_per_1k_pop,vehicles_per_1k_pop,log_income_net_pp,public_points_per_10k_pop,public_points_per_1k_ev,share_public_sites,fuel_per_1k_ice,retail_per_10k_pop,office_per_10k_pop,food_per_10k_pop,transit_per_10k_pop,parking_per_10k_pop,fleet_domicile_flag,drivers,drivers_per_1k_pop,fuel_per_1k_drivers,ev_resident_est,evs_per_1k_pop_adj
28001,La Acebeda,22.04038891292754,70,16893.0,31213.0,,0.0,70.0,0,0,0,0,0,0,0,1,0,0,3.4642324009593337,3.1759875144009957,0.0,0.0,1000.0,9.734654613922729,0.0,,,0.0,0.0,0.0,142.85714285714286,0.0,0.0,False,479.0,6842.857142857142,0.0,0.0,0.0
28002,Ajalvir,19.645105899225445,4868,16039.0,45022.0,22050.0,744.0,15400.0,3,4,3,1,3,6,7,12,0,9,0.18969075038106084,247.7970862041488,0.04831168831168831,152.83483976992605,3163.5168447000824,9.682778535337379,8.216926869350862,5.376344086021506,0.75,0.2046943231441048,12.325390304026294,14.37962202136401,24.65078060805259,0.0,18.488085456039443,True,3207.0,658.7921117502054,0.9354536950420954,125.00637978268644,25.679207021915868
28003,Alameda del Valle,25.245638120834503,267,19327.0,34432.0,22750.0,4.0,230.0,0,0,0,0,0,1,0,5,0,1,11.641969870073584,10.576084419892423,0.017391304347826087,14.9812734082397,861.4232209737828,9.869258360985468,0.0,0.0,,0.0,37.453183520599254,0.0,187.26591760299627,0.0,37.453183520599254,False,138.0,516.8539325842697,0.0,4.0,14.9812734082397
28004,El Álamo,22.16760549447463,10594,12605.0,36817.0,17850.0,168.0,7133.0,2,4,0,0,3,3,0,4,0,6,0.39969504211633,477.90457127363624,0.023552502453385672,15.85803284878233,673.3056447045498,9.44184883962202,3.7757221068529354,23.809523809523807,1.0,0.43072505384063176,2.8317915801397016,0.0,3.7757221068529354,0.0,5.663583160279403,False,5782.0,545.7806305455919,0.5188516084399862,168.0,15.85803284878233
28005,Alcalá de Henares,87.38055926089406,203208,15598.0,41866.0,20650.0,2815.0,126973.0,56,260,34,21,31,105,161,258,5,307,0.4352865292603392,2325.5516068886377,0.02217006765217802,13.852801070823983,624.8425258848077,9.654897979890443,12.794771859375615,92.36234458259325,0.7272727272727273,0.24968185698867573,5.167119404747844,7.922916420613362,12.696350537380418,0.2460533049879926,15.107672926262747,False,114100.0,561.4936419825991,0.27169149868536374,2815.0,13.852801070823983
28006,Alcobendas,45.37076931238989,123342,21644.0,65139.0,24150.0,42867.0,455591.0,65,281,45,34,21,49,140,122,7,192,0.2725232099714539,2718.534463252261,0.09409097194632905,347.54584812959087,3693.721522271408,9.982483558762626,22.782182873635907,6.555158980101243,0.6565656565656566,0.05088146073404987,3.9726938107051937,11.350553744871982,9.891196834817013,0.5675276872435991,15.566473707253005,True,67112.0,544.113116375606,0.31290976278459887,4657.96408379851,37.764622624884545
28007,Alcorcón,33.741517276614296,175719,15667.0,41634.0,21350.0,2358.0,98349.0,49,275,28,7,29,80,25,158,15,168,0.7919322890910804,5207.797816543005,0.023975841137174755,13.419152169088147,559.6947398972223,9.659311868393488,15.649986626375064,116.62425784563189,0.875,0.3021116563011116,4.5527233822182005,1.4227260569431877,8.991628679880947,0.8536356341659126,9.56071910265822,False,93836.0,534.0116891172838,0.3090498316211262,2358.0,13.419152169088147
28008,Aldea del Fresno,51.74037663857869,3503,12649.0,33409.0,17150.0,36.0,2716.0,1,4,0,0,1,3,0,5,0,10,2.6015456321542656,67.70341129268262,0.013254786450662739,10.276905509563232,775.3354267770483,9.445333439647541,11.418783899514702,111.1111111111111,1.0,0.373134328358209,8.564087924636027,0.0,14.273479874393377,0.0,28.546959748786755,False,1810.0,516.6999714530402,0.5524861878453039,36.0,10.276905509563232
28009,Algete,37.850862780759385,21144,18232.0,57767.0,23450.0,747.0,17615.0,4,17,2,0,4,8,1,7,0,44,2.562120319582774,558.6134224329509,0.04240703945500993,35.32917139614075,833.0968596292092,9.81093357092552,8.040105940219448,22.757697456492636,1.0,0.23713540431586436,3.7835792659856224,0.4729474082482028,3.3106318577374196,0.0,20.809685962920923,False,13270.0,627.6012107453652,0.3014318010550113,747.0,35.32917139614075
28010,Alpedrete,13.048108672044275,15686,17829.0,51116.0,24150.0,417.0,11443.0,1,2,1,1,3,8,1,26,2,45,1.7762823260726741,1202.166566378117,0.03644149261557284,26.584215223766417,729.5040163202856,9.788581624034771,1.2750223128904756,4.796163069544364,0.5,0.27208416470161434,5.1000892515619025,0.6375111564452378,16.57529006757618,1.2750223128904756,28.688002040035702,False,9800.0,624.7609333163331,0.30612244897959184,417.0,26.584215223766417
28011,Ambite,25.98467729117663,732,12672.0,27945.0,15750.0,14.0,530.0,0,0,0,0,0,0,0,1,0,0,6.1940676405861135,28.170447983533673,0.026415094339622643,19.12568306010929,724.0437158469946,9.447150114054207,0.0,0.0,,0.0,0.0,0.0,13.66120218579235,0.0,0.0,False,386.0,527.3224043715848,0.0,14.0,19.12568306010929
28012,Anchuelo,21.53084435997174,1414,13676.0,35506.0,18550.0,27.0,1219.0,0,0,0,0,0,0,0,0,0,0,3.5321353286514334,65.6732256459382,0.022149302707136997,19.094766619519095,862.0933521923621,9.523397750759193,0.0,0.0,,0.0,0.0,0.0,0.0,0.0,0.0,False,824.0,582.7439886845827,0.0,27.0,19.094766619519095
28013,Aranjuez,188.40775501994105,63040,14173.0,40453.0,19250.0,776.0,37362.0,13,37,6,6,7,31,8,76,4,65,3.3768289400835383,334.5934459721568,0.02076976607248006,12.309644670050762,592.6713197969543,9.559094025166905,5.869289340101523,47.68041237113402,0.6842105263157895,0.19133001694637294,4.917512690355331,1.2690355329949239,12.055837563451778,0.6345177664974619,10.310913705583756,False,33980.0,539.0228426395939,0.20600353148911124,776.0,12.309644670050762
28014,Arganda del Rey,79.95715937109958,60419,13968.0,40353.0,19950.0,1182.0,43147.0,18,60,10,2,14,17,4,21,2,39,0.2173275022198125,755.6421523128594,0.02739472037453357,19.56338237971499,714.1296611992917,9.544524278079383,9.930650954170046,50.76142131979695,0.9,0.33361134278565474,2.8136844370148464,0.6620433969446697,3.475727833959516,0.33102169847233487,6.4549231202105295,False,34010.0,562.9023982522054,0.4116436342252279,1182.0,19.56338237971499
28015,Arroyomolinos,20.704189881145542,38075,17420.0,54546.0,26250.0,1806.0,26016.0,10,149,5,0,3,12,1,37,0,32,0.4573518316731633,1838.9997492571947,0.06941881918819189,47.43269862114248,683.2829940906107,9.765374250406493,39.133289560078794,82.50276854928018,1.0,0.12391573729863693,3.1516743269862117,0.2626395272488509,9.717662508207486,0.0,8.40446487196323,False,23793.0,624.8982271831911,0.12608750472828142,1806.0,47.43269862114248
28016,El Atazar,29.52304280820836,110,13811.0,27367.0,17150.0,3.0,117.0,0,0,0,0,0,0,0,1,0,0,6.529060513073691,3.7259032110814965,0.02564102564102564,27.27272727272727,1063.6363636363637,9.533220655077928,0.0,0.0,,0.0,0.0,0.0,90.9090909090909,0.0,0.0,False,64.0,581.8181818181818,0.0,3.0,27.27272727272727
28017,Batres,21.418992045416584,1976,16503.0,47860.0,24150.0,66.0,2015.0,0,0,0,0,0,0,0,0,0,0,4.594333239392623,92.25457462284464,0.032754342431761785,33.40080971659919,1019.736842105263,9.711297461543568,0.0,0.0,,0.0,0.0,0.0,0.0,0.0,0.0,False,969.0,490.38461538461536,0.0,66.0,33.40080971659919
28018,Becerril de la Sierra,29.67672019173988,6737,17515.0,45765.0,21350.0,168.0,5256.0,0,0,0,0,1,2,2,11,0,16,2.6818618555257965,227.01295683864535,0.0319634703196347,24.93691554104201,780.1692147840284,9.770812935631588,0.0,0.0,,0.19654088050314467,2.9686804215526195,2.9686804215526195,16.32774231853941,0.0,23.749443372420956,False,4112.0,610.3606946712187,0.24319066147859922,168.0,24.93691554104201
28019,Belmonte de Tajo,23.85073689721336,1955,13173.0,33971.0,17850.0,34.0,1781.0,0,0,0,0,0,0,0,0,0,1,5.267627124191637,81.96811731332359,0.01909039865244245,17.391304347826086,910.9974424552429,9.485924559229828,0.0,0.0,,0.0,0.0,0.0,0.0,0.0,5.115089514066495,False,1185.0,606.1381074168797,0.0,34.0,17.391304347826086
28020,Berzosa del Lozoya,14.308740516027719,242,19798.0,40063.0,22050.0,1.0,199.0,1,2,1,0,0,1,0,2,0,5,0.8804793277875431,16.912739435656643,0.005025125628140704,4.132231404958678,822.314049586777,9.893336201479753,82.64462809917356,2000.0,1.0,0.0,41.32231404958678,0.0,82.64462809917356,0.0,206.61157024793388,False,76.0,314.0495867768595,0.0,1.0,4.132231404958678
28021,El Berrueco,28.417612625421977,795,15781.0,36501.0,18550.0,11.0,605.0,0,0,0,0,0,2,0,5,0,6,3.736163673607181,27.97560831302221,0.01818181818181818,13.836477987421384,761.0062893081762,9.666561963748133,0.0,0.0,,0.0,25.157232704402514,0.0,62.89308176100629,0.0,75.47169811320755,False,387.0,486.79245283018867,0.0,11.0,13.836477987421384
28022,Boadilla del Monte,47.15696922133889,66349,26668.0,89455.0,36750.0,11099.0,108270.0,40,102,15,5,5,25,23,71,8,86,0.3852149019011641,1406.9818543380131,0.10251223792370924,167.28209920270086,1631.8256492185265,10.19121962373795,15.373253553180907,9.19001711865934,0.8888888888888888,0.051455681221763694,3.7679543022502227,3.4665179580702046,10.700990218390631,1.2057453767200712,12.961762799740765,False,42697.0,643.521379372711,0.11710424619996722,11099.0,167.28209920270086
28023,El Boalo-Cerceda-Mataelpino,39.443262100406095,8770,17915.0,50159.0,24150.0,266.0,6796.0,7,17,2,0,1,6,0,25,0,34,0.5463509640865002,222.34469293323755,0.039140670982931135,30.33067274800456,774.914481185861,9.793393629739054,19.384264538198405,63.909774436090224,1.0,0.15313935681470137,6.841505131128849,0.0,28.506271379703534,0.0,38.76852907639681,False,5465.0,623.1470923603193,0.18298261665141813,266.0,30.33067274800456
28024,Braojos,24.762046742251986,233,17607.0,36388.0,24150.0,10.0,318.0,1,2,0,1,0,0,0,0,0,0,2.419024612451834,9.40956143186772,0.031446540880503145,42.918454935622314,1364.8068669527897,9.776051829226445,85.83690987124463,200.0,0.5,0.0,0.0,0.0,0.0,0.0,0.0,False,154.0,660.9442060085837,0.0,10.0,42.918454935622314
28025,Brea de Tajo,44.262598101191095,577,12793.0,26395.0,16450.0,2.0,569.0,1,1,0,0,0,0,0,0,0,0,2.224871661908709,13.035836682720012,0.0035149384885764497,3.4662045060658575,986.1351819757366,9.456653425317034,17.33102253032929,500.0,1.0,0.0,0.0,0.0,0.0,0.0,0.0,False,315.0,545.9272097053725,0.0,2.0,3.4662045060658575
28026,Brunete,48.82929633728287,11287,15529.0,46320.0,20650.0,6780.0,67865.0,6,16,2,1,2,4,0,4,0,11,0.0859196249383603,231.15221489239406,0.09990422161644441,600.6910605120935,6012.669442721715,9.65046452256919,14.175600248073005,2.359882005899705,0.8571428571428571,0.03274126217565687,3.5439000620182513,0.0,3.5439000620182513,0.0,9.745725170550191,True,7105.0,629.4852485159919,0.28149190710767064,270.6686846348161,23.98056920659308
28027,Buitrago del Lozoya,25.479082835513726,2034,14627.0,37493.0,19250.0,81.0,2592.0,0,0,0,1,2,6,4,16,0,8,5.7539736439029845,79.83018906649703,0.03125,39.823008849557525,1274.3362831858408,9.590624414887088,0.0,0.0,0.0,0.7964954201513341,29.49852507374631,19.665683382497544,78.66273352999018,0.0,39.33136676499509,False,1077.0,529.4985250737462,1.8570102135561746,81.0,39.823008849557525
28028,Bustarviejo,57.274001678232146,2870,16087.0,37339.0,19950.0,51.0,2131.0,0,0,0,0,1,5,0,7,0,14,3.655157524272845,50.10999608729605,0.023932426091037073,17.770034843205575,742.5087108013937,9.685766771390307,0.0,0.0,,0.4807692307692308,17.421602787456447,0.0,24.390243902439025,0.0,48.78048780487805,False,1598.0,556.7944250871079,0.6257822277847309,51.0,17.770034843205575
28029,Cabanillas de la Sierra,14.027314208481931,961,17287.0,43672.0,22050.0,30.0,826.0,2,2,0,0,0,0,0,0,0,0,0.5767019779909668,68.50919468381979,0.03631961259079903,31.21748178980229,859.5213319458896,9.757710052922787,20.811654526534863,66.66666666666667,1.0,0.0,0.0,0.0,0.0,0.0,0.0,False,588.0,611.8626430801248,0.0,30.0,31.21748178980229
28030,La Cabrera,22.07595294215157,2889,15209.0,40944.0,19950.0,50.0,2426.0,4,8,1,0,2,4,1,17,0,15,0.05216503627832455,130.86637788957125,0.020610057708161583,17.307026652821047,839.7369331948771,9.629642636872369,27.691242644513675,160.0,1.0,0.8417508417508417,13.845621322256838,3.4614053305642094,58.84389061959155,0.0,51.92107995846314,False,1719.0,595.0155763239875,1.1634671320535195,50.0,17.307026652821047
28031,Cadalso de los Vidrios,47.58343173342468,3372,12228.0,30752.0,15750.0,27.0,3042.0,0,0,0,0,1,3,1,2,0,11,4.313374054981572,70.86500231616039,0.008875739644970414,8.007117437722421,902.135231316726,9.411483683010726,0.0,0.0,,0.33167495854063017,8.896797153024911,2.965599051008304,5.931198102016608,0.0,32.62158956109134,False,1807.0,535.8837485172004,0.5534034311012728,27.0,8.007117437722421
28032,Camarma de Esteruelas,35.40359574749416,8331,15491.0,43253.0,21350.0,182.0,7332.0,0,0,0,0,0,2,2,2,0,17,4.006715032899621,235.31508097139152,0.024822695035460994,21.846116912735567,880.0864241987757,9.648014489106362,0.0,0.0,,0.0,2.4006721882126993,2.4006721882126993,2.4006721882126993,0.0,20.405713599807946,False,5412.0,649.6218941303565,0.0,182.0,21.846116912735567
28033,Campo Real,61.826500390021735,6974,14076.0,38067.0,19250.0,170.0,5535.0,2,3,1,0,1,1,1,5,0,1,2.917438587686705,112.7995269990333,0.03071364046973803,24.37625466016633,793.6621737883568,9.552226498441476,4.301691998852882,17.647058823529413,1.0,0.1863932898415657,1.4338973329509606,1.4338973329509606,7.169486664754804,0.0,1.4338973329509606,False,4115.0,590.0487525093204,0.24301336573511545,170.0,24.37625466016633
28034,Canencia,52.665879612787386,475,15186.0,29513.0,17850.0,3.0,485.0,0,0,0,0,0,0,0,0,0,5,8.589138146202695,9.019122124083331,0.006185567010309278,6.315789473684211,1021.0526315789474,9.62812922977318,0.0,0.0,,0.0,0.0,0.0,0.0,0.0,105.26315789473684,False,235.0,494.7368421052631,0.0,3.0,6.315789473684211
28035,Carabaña,47.49694184836691,2451,12333.0,31090.0,16450.0,29.0,1903.0,0,0,0,1,0,2,0,1,0,2,3.9383336599864034,51.603322332304494,0.015239096163951655,11.831905344757242,776.4177886576907,9.420033875565988,0.0,0.0,0.0,0.0,8.159934720522235,0.0,4.079967360261118,0.0,8.159934720522235,False,1303.0,531.6197470420236,0.0,29.0,11.831905344757242
28036,Casarrubuelos,5.3298946750111345,4323,13772.0,41197.0,19950.0,285.0,4603.0,1,2,1,0,1,2,1,4,0,3,1.162157554968622,811.0854460723408,0.06191614164675212,65.9264399722415,1064.769835762202,9.530392824458414,4.626416840157298,7.017543859649123,1.0,0.2315886984715146,4.626416840157298,2.313208420078649,9.252833680314597,0.0,6.939625260235947,False,2769.0,640.5274115197778,0.36114120621162876,285.0,65.9264399722415
28037,Cenicientos,67.50319159692299,2152,11511.0,28218.0,15750.0,25.0,1766.0,2,4,0,1,1,0,0,0,0,1,3.734819321433179,31.879974103299954,0.014156285390713477,11.617100371747211,820.631970260223,9.351058378915061,18.587360594795538,160.0,0.6666666666666666,0.5743825387708213,0.0,0.0,0.0,0.0,4.646840148698884,False,1087.0,505.11152416356873,0.9199632014719411,25.0,11.617100371747211
28038,Cercedilla,35.7227931430157,7772,15770.0,39930.0,20650.0,138.0,5871.0,0,0,0,0,1,7,4,34,2,28,4.992731935427837,217.56417447216143,0.02350536535513541,17.756047349459596,755.4040144107051,9.665864679957084,0.0,0.0,,0.17442874585731727,9.006690684508493,5.146680391147711,43.74678332475553,2.5733401955738553,36.02676273803397,False,4422.0,568.9655172413793,0.2261420171867933,138.0,17.756047349459596
28039,Cervera de Buitrago,12.09651475840435,165,18596.0,35200.0,23450.0,2.0,259.0,0,0,0,0,0,0,0,2,0,1,5.5493071223478125,13.640292538424111,0.007722007722007722,12.121212121212121,1569.6969696969695,9.830701782810475,0.0,0.0,,0.0,0.0,0.0,121.21212121212122,0.0,60.60606060606061,False,71.0,430.3030303030303,0.0,2.0,12.121212121212121
28040,Ciempozuelos,49.498153248502064,26350,12927.0,36875.0,18550.0,278.0,16153.0,6,20,3,0,7,10,2,7,1,8,2.2179584767224267,532.3430930384744,0.017210425307992324,10.550284629981023,613.0170777988615,9.467073426283948,7.590132827324478,71.94244604316546,1.0,0.4409448818897638,3.795066413662239,0.7590132827324478,2.6565464895635675,0.3795066413662239,3.0360531309297913,False,13207.0,501.21442125237195,0.5300219580525479,278.0,10.550284629981023
28041,Cobeña,20.837662036865247,7670,19766.0,62110.0,27650.0,305.0,6279.0,1,3,1,0,3,6,5,12,0,21,0.7818471237345179,368.0835204271242,0.048574613792005096,39.765319426336376,818.6440677966101,9.89171856893613,3.9113428943937416,9.836065573770492,1.0,0.5021760964178105,7.822685788787483,6.51890482398957,15.645371577574966,0.0,27.379400260756196,False,4942.0,644.328552803129,0.6070416835289356,305.0,39.765319426336376
28042,Colmenar del Arroyo,50.466081451441305,2044,15331.0,40034.0,19950.0,11226.0,88513.0,1,2,0,0,2,0,0,2,0,5,2.0467602434151013,40.50245117538492,0.12682882740388418,5492.172211350294,43303.81604696673,9.637632201310455,9.784735812133071,0.17815784785319794,1.0,0.02587757320118519,0.0,0.0,9.784735812133071,0.0,24.46183953033268,True,1107.0,541.5851272015656,1.8066847335140017,60.878080325463465,29.783796636723807
28043,Colmenar de Oreja,126.4391042307947,9127,12312.0,33834.0,17150.0,100.0,7128.0,0,0,0,0,1,2,4,10,0,9,11.284120938281761,72.184946702407,0.014029180695847363,10.956502684343159,780.9795113399803,9.418329675518715,0.0,0.0,,0.14228799089356858,2.191300536868632,4.382601073737264,10.956502684343157,0.0,9.860852415908843,False,5593.0,612.7971951353128,0.17879492222420884,100.0,10.956502684343159
28044,Colmenarejo,31.579405860208126,9640,16340.0,49871.0,22050.0,252.0,7133.0,1,4,0,0,0,10,7,10,0,29,3.207701144078501,305.262234592797,0.03532875368007851,26.141078838174273,739.9377593360996,9.701371368413994,4.149377593360995,15.873015873015872,1.0,0.0,10.37344398340249,7.261410788381743,10.37344398340249,0.0,30.082987551867223,False,6101.0,632.8838174273859,0.0,252.0,26.141078838174273
28045,Colmenar Viejo,182.42153318641326,58730,17736.0,52003.0,24150.0,1500.0,36705.0,14,40,5,2,11,39,67,72,2,87,0.4267718540715043,321.9466417924735,0.04086636697997548,25.540609569215054,624.9787161586922,9.783351751296147,6.8108292184573465,26.666666666666668,0.875,0.31245561709984376,6.640558487995913,11.408138940916057,12.259492593223225,0.34054146092286736,14.81355355014473,False,33046.0,562.6766558828538,0.3328693336561157,1500.0,25.540609569215054
28046,Collado Mediano,22.28438492167862,7722,18271.0,50414.0,22750.0,1089.0,26916.0,0,0,0,0,1,5,2,4,1,13,3.7560979863443316,346.5206702872876,0.04045920641997325,141.02564102564102,3485.625485625486,9.813070382411665,0.0,0.0,,0.03871916986099818,6.475006475006475,2.59000259000259,5.18000518000518,1.295001295001295,16.835016835016834,True,4868.0,630.4066304066304,0.20542317173377156,259.2721180473879,33.575772862909595
28047,Collado Villalba,25.25624897268421,67274,14647.0,41413.0,19950.0,1003.0,43851.0,33,102,21,3,15,57,87,126,3,219,0.7477378108990499,2663.6576188633517,0.022872910537958084,14.909177393941196,651.8268573297262,9.591990815318308,15.161875315872402,101.6949152542373,0.9166666666666666,0.3500746825989544,8.47281267651693,12.932187769420578,18.72937539019532,0.4459375092903648,32.55343817819663,False,38072.0,565.924428456759,0.3939903341038033,1003.0,14.909177393941196
28048,Corpa,25.965471676738478,832,13602.0,34806.0,19950.0,12.0,738.0,0,0,0,0,0,1,0,0,0,0,3.119548953207508,32.04255290865209,0.016260162601626018,14.423076923076923,887.0192307692307,9.517972119735584,0.0,0.0,,0.0,12.01923076923077,0.0,0.0,0.0,0.0,False,485.0,582.9326923076923,0.0,12.0,14.423076923076923
28049,Coslada,12.030746978009526,80512,15265.0,41836.0,20650.0,1196.0,57853.0,21,112,10,6,14,67,64,121,6,655,0.4475342149408181,6692.186291272216,0.020673085233263618,14.854928457869635,718.5636923688394,9.633317905168978,13.910969793322733,93.64548494983276,0.7777777777777778,0.2471009760488554,8.321740858505565,7.9491255961844205,15.028815580286167,0.7452305246422893,81.35433227344993,False,46642.0,579.3173688394277,0.3001586552892243,1196.0,14.854928457869635
28050,Cubas de la Sagra,12.814539189016923,7238,15046.0,48589.0,22050.0,239.0,5643.0,2,7,0,0,0,5,1,3,0,5,1.0499989849823175,564.8271774145059,0.04235335814283183,33.02017131804366,779.6352583586627,9.618867454120167,9.671179883945841,29.288702928870293,1.0,0.0,6.907985631389886,1.3815971262779774,4.144791378833932,0.0,6.907985631389886,False,4397.0,607.4882564244266,0.0,239.0,33.02017131804366
28051,Chapinería,25.399816187314045,2705,14037.0,39745.0,19250.0,59.0,1908.0,1,2,0,0,0,1,0,0,0,2,1.4954577173432142,106.49683367988364,0.030922431865828093,21.811460258780038,705.3604436229205,9.549451979534325,7.393715341959334,33.898305084745765,1.0,0.0,3.696857670979667,0.0,0.0,0.0,7.393715341959334,False,1512.0,558.9648798521257,0.0,59.0,21.811460258780038
28052,Chinchón,116.09892126016699,5800,13062.0,33815.0,17150.0,76.0,4512.0,0,0,0,0,2,7,4,29,0,9,10.72325955402794,49.9573978555988,0.016843971631205674,13.10344827586207,777.9310344827586,9.477462530462603,0.0,0.0,,0.45085662759242556,12.06896551724138,6.896551724137931,50.0,0.0,15.517241379310343,False,3192.0,550.3448275862069,0.6265664160401002,76.0,13.10344827586207
28053,Daganzo de Arriba,43.624016313487,10764,17623.0,53691.0,25550.0,449.0,16638.0,2,6,1,0,3,3,3,7,0,8,2.9097410440848166,246.74481878625542,0.02698641663661498,41.71311780007432,1545.7079152731326,9.77696014606437,5.574136008918617,13.3630289532294,1.0,0.18531101365124467,2.7870680044593086,2.7870680044593086,6.5031586770717205,0.0,7.432181345224824,False,7153.0,664.5299145299145,0.41940444568712426,449.0,41.71311780007432
28054,El Escorial,68.88878555492958,17171,17477.0,45779.0,22750.0,400.0,13045.0,5,10,1,1,1,11,20,45,3,25,3.088746224679081,249.2568255004064,0.030663089306247605,23.29509055966455,759.7111408770602,9.76864100976636,5.823772639916138,25.0,0.8333333333333334,0.07908264136022143,6.406149903907751,11.647545279832276,26.20697687962262,1.7471317919748415,14.559431599790345,False,10629.0,619.0087938966863,0.0940822278671559,400.0,23.29509055966455
28055,Estremera,79.10533023031286,1473,12029.0,30792.0,15750.0,15.0,1316.0,0,0,0,0,1,0,0,0,0,2,9.758453736707377,18.62074269472618,0.011398176291793313,10.183299389002038,893.4147997284454,9.395075679994072,0.0,0.0,,0.7686395080707148,0.0,0.0,0.0,0.0,13.577732518669382,False,707.0,479.97284453496263,1.4144271570014144,15.0,10.183299389002038
28056,Fresnedillas de la Oliva,28.18374144770682,1883,12542.0,35963.0,17150.0,23.0,1373.0,1,2,0,1,0,0,0,6,0,3,1.9461114147920788,66.81156948213528,0.016751638747268753,12.214551248008496,729.1556027615507,9.436838291102966,10.621348911311737,86.95652173913044,0.5,0.0,0.0,0.0,31.864046733935208,0.0,15.932023366967604,False,1037.0,550.7169410515136,0.0,23.0,12.214551248008496
28057,Fresno de Torote,31.66013190383698,2561,15092.0,43247.0,20650.0,85.0,2430.0,0,0,0,0,0,0,0,2,0,2,4.79615874840609,80.89037682403418,0.03497942386831276,33.190160093713395,948.8481062085124,9.621920081084202,0.0,0.0,,0.0,0.0,0.0,7.809449433814916,0.0,7.809449433814916,False,1627.0,635.2987114408434,0.0,85.0,33.190160093713395
28058,Fuenlabrada,39.026080752083175,190076,13454.0,38299.0,19250.0,2027.0,120586.0,38,139,24,6,23,159,37,199,7,397,0.4006250138325611,4870.486514069285,0.016809579884895426,10.664155390475388,634.409394137082,9.507031738585551,7.3128643279530285,68.57424765663542,0.8636363636363636,0.19399623815990352,8.365075022622529,1.9465897851385763,10.469496411961531,0.3682737431343252,20.886382289189587,False,111212.0,585.0922788779225,0.20681221450922563,2027.0,10.664155390475388
28059,Fuente el Saz de Jarama,33.201634804225115,7413,14563.0,43309.0,19250.0,166.0,6372.0,1,4,0,0,3,3,0,2,0,5,1.1886034554538423,223.2721383664111,0.026051475204017578,22.39309321462296,859.571023876973,9.58623934448258,5.395926075812762,24.096385542168676,1.0,0.4834031582339671,4.046944556859571,0.0,2.697963037906381,0.0,6.744907594765952,False,4391.0,592.337784972346,0.6832156684126622,166.0,22.39309321462296
28060,Fuentidueña de Tajo,60.66074135087386,2372,12553.0,31356.0,17150.0,36.0,1956.0,0,0,0,1,2,1,0,8,0,3,10.645462825264444,39.102720263174454,0.018404907975460124,15.17706576728499,824.6205733558179,9.437714959818209,0.0,0.0,0.0,1.0416666666666667,4.2158516020236085,0.0,33.72681281618887,0.0,12.647554806070826,False,1338.0,564.0809443507588,1.4947683109118086,36.0,15.17706576728499
28061,Galapagar,64.9350229088334,36758,17032.0,49504.0,22050.0,1168.0,26499.0,10,27,6,0,10,30,43,42,2,118,1.4990851163911683,566.073566365057,0.0440771349862259,31.77539583219979,720.9042929430328,9.742849206573315,7.345339789977692,23.116438356164384,1.0,0.3947732027949943,8.161488655530768,11.698133739594102,11.426084117743077,0.5440992437020512,32.10185537842102,False,22820.0,620.8172370640405,0.43821209465381245,1168.0,31.77539583219979
28062,Garganta de los Montes,40.43724972326349,441,17957.0,35472.0,22750.0,9.0,428.0,0,0,0,0,0,0,0,7,0,3,4.669013305407047,10.905786200051418,0.02102803738317757,20.408163265306122,970.5215419501134,9.795735290041899,0.0,0.0,,0.0,0.0,0.0,158.73015873015873,0.0,68.02721088435374,False,251.0,569.1609977324264,0.0,9.0,20.408163265306122
28063,Gargantilla del Lozoya y Pinilla de Buitrago,23.779595989577057,396,15573.0,29519.0,17850.0,13.0,366.0,2,4,0,3,0,1,0,2,0,0,0.8377878993730267,16.652932210184417,0.03551912568306011,32.82828282828283,924.2424242424242,9.653293924495339,101.01010101010102,307.69230769230774,0.4,0.0,25.252525252525256,0.0,50.50505050505051,0.0,0.0,False,239.0,603.5353535353535,0.0,13.0,32.82828282828283
28064,Gascones,19.79169975957801,252,17107.0,43848.0,23450.0,4.0,333.0,0,0,0,0,0,0,0,2,0,0,3.188725248478778,12.732610289222226,0.012012012012012012,15.873015873015872,1321.4285714285713,9.747243015452291,0.0,0.0,,0.0,0.0,0.0,79.36507936507937,0.0,0.0,False,137.0,543.6507936507936,0.0,4.0,15.873015873015872
28065,Getafe,78.59426980580103,193238,15867.0,41792.0,21350.0,3726.0,112411.0,44,184,23,15,30,100,68,177,16,643,1.7072893940394338,2458.6779733111935,0.03314622234478832,19.281921775220194,581.723056541674,9.671996759734089,9.521936679121083,49.382716049382715,0.7457627118644068,0.27602705065096383,5.17496558647885,3.5189765988056183,9.159689088067564,0.8279944938366159,33.275028721059,False,106639.0,551.8531551765182,0.2813229681448626,3726.0,19.281921775220194
28066,Griñón,17.290680738332743,10799,16818.0,51037.0,22750.0,319.0,9471.0,2,4,1,0,3,8,4,9,0,7,0.9545588685542727,624.5560925810777,0.03368176538908246,29.539772201129733,877.0256505231965,9.730205020392843,3.704046670988055,12.539184952978056,1.0,0.3277972027972028,7.40809334197611,3.704046670988055,8.334105009723123,0.0,6.482081674229096,False,7135.0,660.7093249374942,0.4204625087596356,319.0,29.539772201129733
28067,Guadalix de la Sierra,61.00356567513526,6993,15394.0,41488.0,20650.0,141.0,5093.0,6,14,2,0,2,2,1,5,0,12,2.147695274280111,114.63264356119942,0.027685057922638916,20.163020163020164,728.2997282997284,9.641733102094262,20.02002002002002,99.29078014184398,1.0,0.4038772213247173,2.86000286000286,1.43000143000143,7.15000715000715,0.0,17.16001716001716,False,4264.0,609.7526097526097,0.46904315196998125,141.0,20.163020163020164
28068,Guadarrama,56.69970118400472,17547,16602.0,44863.0,22050.0,396.0,12422.0,7,13,3,1,4,7,5,44,1,86,2.085045426754321,309.47253042931555,0.031878924488810176,22.567960335100018,707.927281016698,9.71727844901498,7.408673847381318,32.82828282828283,0.875,0.3326126725428239,3.98928591782071,2.849489941300507,25.075511483444462,0.5698979882601015,49.011226990368726,False,11162.0,636.1201344959252,0.35835871707579287,396.0,22.567960335100018
28069,La Hiruela,16.861935395016353,88,16893.0,31213.0,,2213.0,15561.0,0,0,0,0,0,0,0,0,0,7,6.25280071176748,5.218855246356177,0.14221451063556326,25147.727272727272,176829.54545454547,9.734654613922729,0.0,0.0,,0.0,0.0,0.0,0.0,0.0,795.4545454545455,True,21.0,238.63636363636365,0.0,4.438419726764794,50.43658780414539
28070,Horcajo de la Sierra-Aoslos,20.55142329439328,219,17763.0,35029.0,19250.0,5.0,270.0,1,2,1,0,1,0,0,2,0,2,2.2049095196403483,10.65619625769405,0.018518518518518517,22.831050228310502,1232.876712328767,9.784872921199886,91.32420091324201,400.0,1.0,3.7735849056603774,0.0,0.0,91.32420091324201,0.0,91.32420091324201,False,94.0,429.2237442922374,10.638297872340425,5.0,22.831050228310502
28071,Horcajuelo de la Sierra,24.37406287119396,104,15223.0,30153.0,17150.0,1.0,138.0,0,0,0,1,0,0,0,2,0,2,4.572197587377258,4.266830710562846,0.007246376811594203,9.615384615384617,1326.923076923077,9.630562721059254,0.0,0.0,0.0,0.0,0.0,0.0,192.30769230769232,0.0,192.30769230769232,False,51.0,490.38461538461536,0.0,1.0,9.615384615384617
28072,Hoyo de Manzanares,45.31977126703343,9310,19583.0,56407.0,25550.0,327.0,6957.0,1,2,0,0,1,9,11,10,0,49,0.876890981708133,205.4291038925056,0.047003018542475204,35.12352309344791,747.2610096670247,9.882417121916836,2.1482277121374866,6.116207951070336,1.0,0.1508295625942685,9.66702470461869,11.815252416756175,10.741138560687432,0.0,52.63157894736842,False,5888.0,632.4382384532761,0.16983695652173914,327.0,35.12352309344791
28073,Humanes de Madrid,19.65316075351344,20500,12552.0,36888.0,17850.0,398.0,17587.0,4,8,3,2,11,13,3,25,2,30,0.9905199064406544,1043.0892138474555,0.022630351964519246,19.414634146341463,857.9024390243902,9.437635294412868,3.9024390243902443,20.100502512562816,0.6666666666666666,0.6399441503286987,6.341463414634147,1.4634146341463414,12.195121951219512,0.9756097560975611,14.634146341463415,False,11941.0,582.4878048780488,0.9211958797420652,398.0,19.414634146341463
28074,Leganés,42.97736857273868,195734,14531.0,38660.0,19950.0,2746.0,110414.0,41,261,27,14,27,95,53,181,10,1024,0.21346626526824655,4554.350498884606,0.02487003459706197,14.02924376960569,564.1023021038757,9.584039577320695,13.334423247877222,95.04734158776402,0.7454545454545455,0.2507708882862132,4.853525703250329,2.7077564449712366,9.247243708297995,0.5108974424474031,52.31589810661408,False,102507.0,523.7056413295595,0.2633966460827065,2746.0,14.02924376960569
28075,Loeches,44.12235258286483,9261,14785.0,42908.0,21350.0,290.0,8273.0,3,9,3,2,6,1,1,2,0,12,1.2951579848514188,209.89361305264043,0.035053789435513114,31.31411294676601,893.3160565813627,9.601368432286577,9.718172983479105,31.03448275862069,0.6,0.7515971439308531,1.0797969981643452,1.0797969981643452,2.1595939963286903,0.0,12.957563977972141,False,6015.0,649.4978943958536,0.997506234413965,290.0,31.31411294676601
28076,Lozoya,58.12302416621727,598,17234.0,35223.0,17850.0,8.0,594.0,0,0,0,0,2,3,0,8,0,11,5.601621547916069,10.288521779077943,0.013468013468013467,13.377926421404682,993.3110367892976,9.754639455799712,0.0,0.0,,3.4129692832764507,50.16722408026756,0.0,133.77926421404683,0.0,183.9464882943144,False,339.0,566.8896321070233,5.899705014749262,8.0,13.377926421404682
28078,Madarcos,8.453467446128041,69,16893.0,31213.0,,0.0,80.0,0,0,0,0,0,0,0,1,0,1,5.92772213131247,8.162331071802283,0.0,0.0,1159.4202898550725,9.734654613922729,0.0,,,0.0,0.0,0.0,144.92753623188406,0.0,144.92753623188406,False,288.0,4173.913043478261,0.0,0.0,0.0
28079,Madrid,603.8706901870241,3506730,19632.0,49916.0,22750.0,87717.0,1832369.0,618,3664,285,298,248,2120,2255,7408,299,5469,0.04980273582865505,5807.087604986979,0.04787081641306964,25.01390184017589,522.5292508975599,9.884916166950692,10.44848049322303,41.77069439219307,0.6746724890829694,0.14214869211739647,6.045518189310269,6.43049222495031,21.125093748306828,0.8526461974546087,15.59572593270654,False,1757275.0,501.11499887359446,0.14112759812778305,87717.0,25.01390184017589
28080,Majadahonda,38.37444931607788,73625,24019.0,74987.0,31150.0,25232.0,267592.0,40,232,25,4,11,65,96,120,1,1115,0.44583210557681807,1918.5943072062032,0.09429280397022333,342.7096774193548,3634.5263157894738,10.086600462793985,31.511035653650254,9.194673430564363,0.9090909090909091,0.04538702756230401,8.828522920203735,13.03904923599321,16.29881154499151,0.13582342954159593,151.44312393887944,True,46051.0,625.4804753820033,0.23886560552431,3760.5951165858914,51.07769258520736
28082,Manzanares el Real,127.50123950634443,9648,17549.0,44742.0,22750.0,230.0,6835.0,2,4,0,1,2,6,2,25,0,28,2.3408150629092765,75.66985260186367,0.033650329188002925,23.839137645107794,708.4369817578773,9.772752247213607,4.1459369817578775,17.391304347826086,0.6666666666666666,0.3028009084027252,6.218905472636815,2.0729684908789388,25.912106135986733,0.0,29.02155887230514,False,5864.0,607.7943615257047,0.34106412005457026,230.0,23.839137645107794
28083,Meco,35.06679448377774,15922,16076.0,48565.0,22750.0,392.0,13310.0,3,12,2,0,6,9,3,16,1,58,1.8257296391380877,454.04777466516595,0.02945154019534185,24.620022610224844,835.9502575053385,9.685082755569091,7.536741615374953,30.612244897959183,1.0,0.46446818392940087,5.6525562115312145,1.8841854038437382,10.048988820499938,0.6280618012812461,36.427584474312276,False,10223.0,642.0675794498178,0.5869118654015455,392.0,24.620022610224844
28084,Mejorada del Campo,17.960237912157293,25049,13212.0,38219.0,19250.0,389.0,19068.0,5,11,4,2,5,10,2,13,0,55,1.4976653021133568,1394.6919925289142,0.02040067128172855,15.529562058365604,761.2279931334584,9.48888078651068,4.391392869974849,28.27763496143959,0.7142857142857143,0.26768028267037847,3.9921753363407717,0.7984350672681544,5.189827937243003,0.0,21.956964349874244,False,14574.0,581.8196335183042,0.34307671195279266,389.0,15.529562058365604
28085,Miraflores de la Sierra,56.62106977432208,7350,16029.0,41298.0,19950.0,122.0,5298.0,5,10,3,0,3,3,6,19,0,14,2.3262936860238193,129.8103343736762,0.023027557568893922,16.598639455782312,720.8163265306122,9.68215486062588,13.605442176870747,81.96721311475409,1.0,0.579598145285935,4.081632653061225,8.16326530612245,25.850340136054424,0.0,19.047619047619047,False,4018.0,546.6666666666666,0.7466401194624191,122.0,16.598639455782312
28086,El Molar,50.2545538336637,9999,13106.0,37511.0,17850.0,143.0,7015.0,6,10,4,0,3,3,0,16,0,8,1.8497564769597432,198.96704352595472,0.020384889522451887,14.301430143014302,701.5701570157016,9.480825419599443,10.001000100010002,69.93006993006993,1.0,0.43655413271245636,3.0003000300030007,0.0,16.001600160016004,0.0,8.000800080008002,False,5279.0,527.952795279528,0.5682894487592347,143.0,14.301430143014302
28087,Los Molinos,19.51408984799531,4781,16704.0,44619.0,22050.0,93.0,3717.0,0,0,0,0,0,3,0,11,1,9,5.3664514164091575,245.00245910731797,0.025020177562550445,19.45199749006484,777.4524158125915,9.723403490682365,0.0,0.0,,0.0,6.274837900020916,0.0,23.007738966743357,2.0916126333403056,18.82451370006275,False,2977.0,622.673080945409,0.0,93.0,19.45199749006484
28088,Montejo de la Sierra,32.041378360785906,404,15317.0,32549.0,18550.0,4.0,354.0,0,0,0,0,0,1,0,6,0,6,7.236837359525499,12.608696025837595,0.011299435028248588,9.900990099009901,876.2376237623762,9.636718601664555,0.0,0.0,,0.0,24.752475247524753,0.0,148.5148514851485,0.0,148.5148514851485,False,168.0,415.8415841584158,0.0,4.0,9.900990099009901
28089,Moraleja de Enmedio,31.249086370150714,5580,15002.0,45942.0,22050.0,180.0,5407.0,3,5,2,0,2,1,0,2,0,3,1.9648619959923326,178.56522056049755,0.03329017939707786,32.25806451612903,968.9964157706094,9.615938804529582,8.960573476702509,27.777777777777775,1.0,0.3826286588865506,1.7921146953405018,0.0,3.5842293906810037,0.0,5.376344086021505,False,3703.0,663.6200716845879,0.5401026194977046,180.0,32.25806451612903
28090,Moralzarzal,43.554048806269726,14772,18091.0,53552.0,25550.0,9439.0,94223.0,5,19,2,1,2,15,9,40,2,42,4.292876719005485,339.164794201028,0.1001772391029791,638.9791497427566,6378.48632548064,9.803169856021261,12.862171676144058,2.012925097997669,0.8333333333333334,0.02358935648235516,10.154346060113728,6.092607636068237,27.078256160303276,1.3539128080151637,28.43216896831844,True,9181.0,621.5136745193608,0.21784119376974184,485.70023819872915,32.87978866766377
28091,Morata de Tajuña,45.20847266355591,8397,12762.0,34744.0,17850.0,83.0,5819.0,0,0,0,0,1,3,1,7,0,4,7.64043003755018,185.73951972434378,0.014263619178553016,9.884482553292843,692.9855900916995,9.454227284428292,0.0,0.0,,0.17433751743375173,3.5727045373347623,1.190901512444921,8.336310587114445,0.0,4.763606049779684,False,4621.0,550.3155889007979,0.21640337589266392,83.0,9.884482553292843
28092,Móstoles,45.08567266175555,214817,14045.0,38622.0,19950.0,2219.0,120849.0,35,110,18,9,21,96,59,144,8,150,0.9674608418226485,4764.6400135052445,0.018361757234234458,10.329722507995177,562.5672083680529,9.550021739538344,5.120637565928209,49.57187922487607,0.7954545454545454,0.17702098963162774,4.468920057537345,2.746523785361494,6.703380086306019,0.37241000479477876,6.982687589902103,False,115650.0,538.3652131814522,0.1815823605706874,2219.0,10.329722507995177
28093,Navacerrada,27.4037528008637,3311,18244.0,45842.0,21350.0,1770.0,27616.0,1,4,1,2,2,2,3,28,1,19,3.0686979212971885,120.82286773130012,0.06409327925840093,534.5816973723951,8340.682573240712,9.81159153783159,12.080942313500453,2.2598870056497176,0.3333333333333333,0.0773814129846011,6.040471156750226,9.06070673512534,84.56659619450318,3.020235578375113,57.384475989127154,True,1854.0,559.951676230746,1.0787486515641855,128.68769899336735,38.86671669989953
28094,Navalafuente,11.746006954114728,1693,14569.0,36012.0,17850.0,55.0,1420.0,0,0,0,0,0,0,1,0,0,2,3.6375184617049285,144.1340880023,0.03873239436619718,32.486709982279976,838.7477849970467,9.586651262653996,0.0,0.0,,0.0,0.0,5.9066745422327225,0.0,0.0,11.813349084465445,False,998.0,589.4861193148257,0.0,55.0,32.486709982279976
28095,Navalagamella,75.91271630074615,3169,12374.0,35963.0,17150.0,48.0,2338.0,3,6,1,0,0,2,0,1,0,9,2.8613672759342235,41.74531164772524,0.020530367835757058,15.146733985484381,737.7721678763016,9.423352776090933,18.933417481855475,125.0,1.0,0.0,6.311139160618492,0.0,3.155569580309246,0.0,28.40012622278321,False,1710.0,539.602398232881,0.0,48.0,15.146733985484381
28096,Navalcarnero,100.31959264798503,33331,14381.0,43431.0,20650.0,581.0,21310.0,20,51,6,0,8,11,1,14,0,13,0.3649813309415642,332.24815930978036,0.02726419521351478,17.43122018541298,639.3447541327894,9.57366316988638,15.301071074975248,87.77969018932875,1.0,0.3859327512181002,3.300231016171132,0.3000210014701029,4.200294020581441,0.0,3.9002730191113377,False,18923.0,567.7297410818757,0.4227659462030333,581.0,17.43122018541298
28097,Navarredonda y San Mamés,28.112559638115634,163,20421.0,31718.0,21350.0,2.0,154.0,0,0,0,0,0,0,0,0,0,1,4.177089471991292,5.798120203149377,0.012987012987012988,12.269938650306749,944.7852760736196,9.92431906211606,0.0,0.0,,0.0,0.0,0.0,0.0,0.0,61.34969325153374,False,66.0,404.9079754601227,0.0,2.0,12.269938650306749
28099,Navas del Rey,50.76032027954047,3420,12848.0,35017.0,17850.0,1122.0,12160.0,2,8,1,0,2,0,0,4,0,4,1.3898167159754988,67.37546140697756,0.09226973684210527,328.0701754385965,3555.555555555555,9.460943436186543,23.391812865497077,7.1301247771836005,1.0,0.1811922449719152,0.0,0.0,11.695906432748538,0.0,11.695906432748538,True,1889.0,552.3391812865497,1.0587612493382743,61.73706415699589,18.051773145320436
28100,Nuevo Baztán,20.084063598392838,7429,15209.0,45765.0,20650.0,213.0,6874.0,1,4,0,0,1,8,7,22,0,9,1.3864471433240835,369.8952636554328,0.030986325283677625,28.671422802530625,925.2927715708709,9.629642636872369,5.384304751648943,18.779342723004696,1.0,0.15012760846719714,10.768609503297887,9.42253331538565,29.613676134069188,0.0,12.114685691210124,False,4890.0,658.2312558890834,0.20449897750511248,213.0,28.671422802530625
28101,Olmeda de las Fuentes,16.56647158189001,429,19861.0,46808.0,20650.0,12.0,404.0,0,0,0,0,0,0,0,1,0,0,3.5430654342206642,25.895677174189007,0.0297029702970297,27.972027972027973,941.7249417249417,9.896513288798792,0.0,0.0,,0.0,0.0,0.0,23.31002331002331,0.0,0.0,False,259.0,603.7296037296037,0.0,12.0,27.972027972027973
28102,Orusco de Tajuña,21.4884352287153,1531,11961.0,30063.0,16450.0,28.0,1079.0,1,2,1,0,1,0,0,1,0,0,0.43822920691203293,71.24762616284424,0.025949953660797033,18.28870019595036,704.7681254082298,9.389406636049465,13.063357282821686,71.42857142857143,1.0,0.9514747859181732,0.0,0.0,6.531678641410843,0.0,0.0,False,719.0,469.62769431743953,1.3908205841446453,28.0,18.28870019595036
28104,Paracuellos de Jarama,44.024598840711676,27650,20187.0,63913.0,29050.0,1282.0,19183.0,6,25,1,4,3,9,1,16,0,15,1.812734925976875,628.0579659576752,0.06683000573424386,46.36528028933092,693.7793851717903,9.912794111856428,9.041591320072332,19.50078003120125,0.6,0.16758840288252053,3.2549728752260396,0.3616636528028933,5.786618444846293,0.0,5.4249547920434,False,16683.0,603.3634719710669,0.1798237727027513,1282.0,46.36528028933092
28106,Parla,25.03300868564364,137471,11522.0,35177.0,16450.0,1243.0,67118.0,19,49,12,3,14,29,9,42,14,142,0.3425292099296106,5491.589194343996,0.018519622157990405,9.041907020389754,488.23388205512435,9.352013530292329,3.564388125495559,39.42075623491552,0.8636363636363636,0.2125237191650854,2.1095358293749227,0.6546835332542864,3.055189821853336,1.0183966072844455,10.329451302456519,False,67674.0,492.2783714383397,0.20687413186748232,1243.0,9.041907020389754
28107,Patones,34.506644473408976,617,16173.0,37616.0,22750.0,9785.0,43338.0,0,0,0,0,0,1,0,14,0,9,5.354298332962386,17.88061428214105,0.2257833771747658,15858.995137763372,70239.87034035656,9.69109846411978,0.0,0.0,,0.0,16.207455429497568,0.0,226.90437601296597,0.0,145.8670988654781,True,301.0,487.8444084278768,0.0,23.500616847307143,38.08852001184302
28108,Pedrezuela,28.323742546279682,6606,16314.0,42764.0,22050.0,159.0,4628.0,1,2,0,1,0,3,0,5,0,7,2.1987338323120618,233.23188979020347,0.03435609334485739,24.06902815622162,700.5752346351801,9.699778913860525,3.027550711474417,12.578616352201259,0.5,0.0,4.541326067211625,0.0,7.568876778686043,0.0,10.59642749016046,False,3786.0,573.1153496821072,0.0,159.0,24.06902815622162
28109,Pelayos de la Presa,7.411585927151697,3195,11855.0,30359.0,14350.0,34.0,2534.0,1,1,1,1,2,4,0,5,0,9,1.3897934151884703,431.0818266702403,0.013417521704814523,10.641627543035993,793.1142410015649,9.380504998499505,3.1298904538341157,29.41176470588235,0.5,0.8,12.519561815336463,0.0,15.64945226917058,0.0,28.169014084507044,False,1618.0,506.4162754303599,1.2360939431396785,34.0,10.641627543035993
28110,Perales de Tajuña,49.0122479324443,3260,12690.0,33671.0,17150.0,48.0,2519.0,2,4,2,0,5,0,0,3,0,4,1.5864895305288913,66.51398655481786,0.019055180627233027,14.723926380368098,772.6993865030674,9.448569560708433,12.269938650306749,83.33333333333333,1.0,2.0234722784297854,0.0,0.0,9.202453987730062,0.0,12.269938650306749,False,1798.0,551.5337423312884,2.780867630700779,48.0,14.723926380368098
28111,Pezuela de las Torres,41.39946387054657,1008,14071.0,33453.0,18550.0,19.0,890.0,0,0,0,0,1,0,0,2,0,1,7.5556080191477815,24.34814139506614,0.021348314606741574,18.849206349206348,882.936507936508,9.551871220788255,0.0,0.0,,1.1481056257175661,0.0,0.0,19.841269841269842,0.0,9.920634920634921,False,580.0,575.3968253968253,1.7241379310344827,19.0,18.849206349206348
28112,Pinilla del Valle,25.48024892633997,200,18175.0,34252.0,19250.0,3.0,171.0,0,0,0,0,0,0,0,3,0,3,10.02989829237664,7.849216880815158,0.017543859649122806,15.0,855.0,9.80780230240172,0.0,0.0,,0.0,0.0,0.0,150.0,0.0,150.0,False,103.0,515.0,0.0,3.0,15.0
28113,Pinto,61.994699545712294,56651,15301.0,42700.0,21350.0,1098.0,38495.0,18,60,11,8,16,31,23,67,3,130,0.2588548255733602,913.8039286443824,0.0285231848291986,19.38182909392597,679.5113943266667,9.635673464721814,10.59116343930381,54.6448087431694,0.6923076923076923,0.4278418054924192,5.4721011103069666,4.059945985066459,11.82679917388925,0.5295581719651904,22.94752078515825,False,32350.0,571.0402287691303,0.4945904173106646,1098.0,19.38182909392597
28114,Piñuécar-Gandullas,18.320549298293603,183,15504.0,31525.0,19250.0,1.0,183.0,0,0,0,0,0,0,0,2,0,0,3.635633856380264,9.988783470430377,0.00546448087431694,5.46448087431694,1000.0,9.648853334130548,0.0,0.0,,0.0,0.0,0.0,109.2896174863388,0.0,0.0,False,105.0,573.7704918032787,0.0,1.0,5.46448087431694
28115,Pozuelo de Alarcón,43.25436999746699,89770,30524.0,96290.0,37450.0,8964.0,73724.0,29,193,13,9,11,52,117,152,18,234,0.6496047389015913,2075.397237441142,0.12158862785524388,99.85518547398908,821.254316586833,10.326268538409524,21.499387323159183,21.530566711289605,0.7631578947368421,0.169857936998147,5.792581040436672,13.03330734098251,16.932159964353346,2.005124206305002,26.06661468196502,False,58669.0,653.5479558872674,0.18749254291022519,8964.0,99.85518547398908
28116,Pozuelo del Rey,30.875524509335595,1302,13316.0,36272.0,18550.0,36.0,1068.0,0,0,0,0,0,1,0,1,0,1,5.87496720977046,42.16932410674754,0.033707865168539325,27.64976958525346,820.2764976958525,9.496721598694915,0.0,0.0,,0.0,7.680491551459293,0.0,7.680491551459293,0.0,7.680491551459293,False,891.0,684.331797235023,0.0,36.0,27.64976958525346
28117,Prádena del Rincón,22.46171606160062,146,18613.0,38615.0,19950.0,1.0,131.0,0,0,0,0,0,0,1,2,0,2,6.580772076553595,6.49994860586783,0.007633587786259542,6.8493150684931505,897.2602739726028,9.831615540298333,0.0,0.0,,0.0,0.0,68.4931506849315,136.986301369863,0.0,136.986301369863,False,86.0,589.0410958904109,0.0,1.0,6.8493150684931505
28118,Puebla de la Sierra,57.65705181444619,98,16893.0,31213.0,,2.0,101.0,1,2,0,0,0,0,1,1,0,8,0.8171450162864181,1.699705359812479,0.019801980198019802,20.408163265306122,1030.612244897959,9.734654613922729,204.0816326530612,1000.0,1.0,0.0,0.0,102.0408163265306,102.0408163265306,0.0,816.3265306122448,False,29.0,295.9183673469388,0.0,2.0,20.408163265306122
28119,Quijorna,25.65317649117447,4044,14615.0,43822.0,19950.0,102.0,3008.0,0,0,0,0,0,0,0,0,0,1,4.9763440926947125,157.64129644495557,0.0339095744680851,25.222551928783382,743.8180019782393,9.589803677545346,0.0,0.0,,0.0,0.0,0.0,0.0,0.0,2.472799208704253,False,2496.0,617.2106824925816,0.0,102.0,25.222551928783382
28120,Rascafría,149.4615185047754,1704,16346.0,36162.0,19250.0,21.0,1653.0,0,0,0,0,1,5,6,22,6,29,12.15705353422952,11.40092792477253,0.012704174228675136,12.32394366197183,970.0704225352113,9.701738498076075,0.0,0.0,,0.6127450980392157,29.342723004694832,35.2112676056338,129.10798122065728,35.2112676056338,170.18779342723005,False,914.0,536.3849765258216,1.0940919037199124,21.0,12.32394366197183
28121,Redueña,13.041906046426478,288,16341.0,35776.0,22750.0,40.0,3100.0,1,2,0,0,0,0,0,1,0,1,0.8308639283758463,22.082661765448993,0.012903225806451613,138.88888888888889,10763.888888888889,9.701432566051784,69.44444444444444,50.0,1.0,0.0,0.0,0.0,34.72222222222222,0.0,34.72222222222222,True,196.0,680.5555555555555,0.0,10.914967172374432,37.899191570744556
28122,Ribatejada,31.834320149986198,905,15798.0,37881.0,20650.0,15.0,809.0,0,0,0,0,0,1,0,0,0,0,7.537040626113251,28.42843810504282,0.018541409147095178,16.574585635359114,893.9226519337017,9.667638628724365,0.0,0.0,,0.0,11.049723756906078,0.0,0.0,0.0,0.0,False,543.0,600.0,0.0,15.0,16.574585635359114
28123,Rivas-Vaciamadrid,67.91715464710815,103148,18478.0,54628.0,26250.0,3937.0,66424.0,43,199,19,7,15,49,28,136,4,218,0.1066901201664197,1518.7326462062254,0.05927074551366976,38.16845697444449,643.9678907976888,9.824336114230691,19.292666847636404,50.546101092202186,0.86,0.2400499303855202,4.750455655950673,2.71454608911467,13.184938147128397,0.3877922984449529,21.134680265249933,False,63536.0,615.969286849963,0.23608662805338707,3937.0,38.16845697444449
28124,Robledillo de la Jara,20.33289755984742,118,16345.0,32116.0,17150.0,2.0,119.0,0,0,0,0,0,1,0,2,0,2,2.905897517308974,5.803403064058199,0.01680672268907563,16.949152542372882,1008.4745762711864,9.70167731915831,0.0,0.0,,0.0,84.7457627118644,0.0,169.4915254237288,0.0,169.4915254237288,False,59.0,500.0,0.0,2.0,16.949152542372882
28125,Robledo de Chavela,93.00508637215148,4818,14986.0,37151.0,19250.0,3082.0,48511.0,1,2,0,1,1,0,0,1,1,15,2.371956096886623,51.80361836041103,0.06353198243697306,639.6845163968452,10068.700705687008,9.614871710924255,4.151100041511,0.6489292667099286,0.5,0.022012370952475293,0.0,0.0,2.0755500207555,2.0755500207555,31.133250311332503,True,2700.0,560.3985056039851,0.37037037037037035,131.12266115806258,27.21516420881332
28126,Robregordo,18.00006386872813,79,16893.0,31213.0,,0.0,48.0,0,0,0,0,0,0,0,0,0,0,3.002173861326563,4.388873316013521,0.0,0.0,607.5949367088608,9.734654613922729,0.0,,,0.0,0.0,0.0,0.0,0.0,0.0,False,34.0,430.37974683544303,0.0,0.0,0.0
28127,Las Rozas de Madrid,58.47364011652371,99037,24183.0,74371.0,33250.0,5406.0,69606.0,30,191,12,11,10,34,87,140,5,228,0.5211805919134972,1693.7033473996728,0.07766571847254547,54.58565990488403,702.8282359118309,10.09340518595171,19.28572149802599,35.33111357750648,0.7317073170731707,0.15576323987538943,3.4330603713763543,8.784595656168905,14.136130940961458,0.5048618193200521,23.021698960994375,False,64543.0,651.7059280874826,0.15493546937700448,5406.0,54.58565990488403
28128,Rozas de Puerto Real,30.16260964981164,579,13987.0,29427.0,17850.0,9323.0,59029.0,0,0,0,0,0,0,0,1,0,2,5.349619371676143,19.1959517668464,0.1579393179623575,16101.899827288427,101949.91364421416,9.545883605779304,0.0,0.0,,0.0,0.0,0.0,17.271157167530223,0.0,34.542314335060446,True,279.0,481.86528497409324,0.0,15.353573718038817,26.51739847675098
28129,San Agustín del Guadalix,38.25516585445254,13825,19468.0,60674.0,24850.0,445.0,10185.0,4,8,2,2,1,10,2,18,0,13,0.5405818677494538,361.3891010850473,0.043691703485517916,32.1880650994575,736.7088607594937,9.876527370953346,5.786618444846293,17.97752808988764,0.6666666666666666,0.1026694045174538,7.233273056057866,1.4466546112115732,13.019891500904158,0.0,9.403254972875226,False,8651.0,625.750452079566,0.11559357299734135,445.0,32.1880650994575
28130,San Fernando de Henares,39.12967356170221,39059,14948.0,40448.0,20650.0,2344.0,30784.0,7,12,6,8,12,47,43,47,4,699,1.4651060365715765,998.1938627320576,0.07614345114345114,60.011777055224144,788.1410174351622,9.612332790605375,3.072275275864717,5.1194539249146755,0.4666666666666667,0.4219409282700422,12.033078163803477,11.008986405181904,12.033078163803477,1.0240917586215725,178.96003481911978,False,23299.0,596.5078471031004,0.5150435641014636,2344.0,60.011777055224144
28131,San Lorenzo de El Escorial,56.446938556853866,18872,17163.0,44280.0,22050.0,360.0,11828.0,12,35,5,1,8,11,13,61,2,78,1.3250137401332787,334.33168356848887,0.03043625295908015,19.07587961000424,626.7486222975838,9.750511182936638,18.5459940652819,97.22222222222223,0.9230769230769231,0.6975933031042902,5.82874099194574,6.88851208139042,32.32301822806274,1.05977108944468,41.331072488342514,False,11201.0,593.5247986434931,0.7142219444692438,360.0,19.07587961000424
28132,San Martín de la Vega,105.0355750371342,21010,12720.0,38563.0,18550.0,374.0,16449.0,4,94,0,0,3,12,4,44,1,32,2.194835419233852,200.02746681371661,0.022736944495106087,17.80104712041885,782.912898619705,9.450930836894113,44.740599714421705,251.33689839572193,1.0,0.18662519440124417,5.7115659209900045,1.9038553069966684,20.942408376963353,0.4759638267491671,15.230842455973347,False,12317.0,586.2446454069491,0.2435658033612081,374.0,17.80104712041885
28133,San Martín de Valdeiglesias,115.25712740720992,9324,12826.0,34141.0,16450.0,107.0,7269.0,4,12,2,1,2,7,0,24,1,43,0.2754478081474382,80.89738317924395,0.014720044022561564,11.475761475761477,779.6010296010296,9.459229639708807,12.87001287001287,112.14953271028037,0.8,0.27925160569673274,7.5075075075075075,0.0,25.74002574002574,1.0725010725010724,46.11754611754611,False,4958.0,531.7460317460317,0.40338846308995563,107.0,11.475761475761477
28134,San Sebastián de los Reyes,58.98586441956436,96992,18761.0,52413.0,24150.0,2664.0,62374.0,40,207,22,6,17,41,61,99,4,141,0.09648631876914669,1644.326161096824,0.04271010356879469,27.46618277796107,643.0839656878918,9.83953552604361,21.341966347740023,77.7027027027027,0.8695652173913043,0.28470942890638085,4.22715275486638,6.289178488947542,10.20702738370175,0.41240514681623225,14.537281425272187,False,56625.0,583.8110359617287,0.30022075055187636,2664.0,27.46618277796107
28135,Santa María de la Alameda,75.44352023166529,1584,13624.0,29695.0,17150.0,20.0,1570.0,1,2,1,0,1,0,1,6,2,8,2.223901070415327,20.995838941979283,0.012738853503184714,12.626262626262626,991.1616161616162,9.519588222342524,12.626262626262628,100.0,1.0,0.6451612903225806,0.0,6.313131313131314,37.87878787878788,12.626262626262628,50.50505050505051,False,934.0,589.6464646464647,1.0706638115631693,20.0,12.626262626262626
28136,Santorcaz,27.993807424210623,1011,14092.0,35890.0,19950.0,19.0,975.0,0,0,0,0,0,0,0,1,0,0,6.0964876186149235,36.115130202890164,0.019487179487179488,18.793273986152325,964.3916913946588,9.553362539461128,0.0,0.0,,0.0,0.0,0.0,9.891196834817013,0.0,0.0,False,628.0,621.1671612265084,0.0,19.0,18.793273986152325
28137,Los Santos de la Humosa,34.86133375643496,2867,13849.0,39530.0,19950.0,47.0,2269.0,0,0,0,0,0,0,0,0,0,3,5.337802665866091,82.24011221230995,0.020713970912296167,16.393442622950822,791.4196023718172,9.535968306842717,0.0,0.0,,0.0,0.0,0.0,0.0,0.0,10.463899546564353,False,1737.0,605.8597837460761,0.0,47.0,16.393442622950822
28138,La Serna del Monte,5.519543578483426,110,13668.0,30605.0,18550.0,1.0,123.0,0,0,0,0,2,0,0,0,0,1,1.704875220088307,19.92918407761246,0.008130081300813009,9.09090909090909,1118.1818181818182,9.522812613235182,0.0,0.0,,16.393442622950822,0.0,0.0,0.0,0.0,90.9090909090909,False,68.0,618.1818181818181,29.41176470588235,1.0,9.09090909090909
28140,Serranillos del Valle,13.267638993453929,4670,15505.0,48628.0,22050.0,176.0,4985.0,2,5,1,0,0,1,0,1,0,1,0.730847101170538,351.98425298609,0.03530591775325978,37.687366167023555,1067.4518201284798,9.648917831534549,10.706638115631693,28.409090909090907,1.0,0.0,2.141327623126338,0.0,2.141327623126338,0.0,2.141327623126338,False,3060.0,655.2462526766594,0.0,176.0,37.687366167023555
28141,Sevilla la Nueva,24.99421912505507,9802,15739.0,45411.0,22050.0,212.0,7806.0,2,6,0,0,2,3,1,7,0,9,1.4709811187505917,392.1706835871554,0.027158595951831923,21.628239134870434,796.3680881452765,9.6638969875516,6.12119975515201,28.30188679245283,1.0,0.2633658151171978,3.060599877576005,1.0201999591920017,7.141399714344011,0.0,9.181799632728014,False,6196.0,632.1158947153642,0.32278889606197547,212.0,21.628239134870434
28143,Somosierra,20.401589161487372,93,16893.0,31213.0,,2.0,86.0,1,2,1,0,1,1,0,2,0,3,1.0697998878628037,4.558468424389145,0.023255813953488372,21.505376344086024,924.7311827956988,9.734654613922729,215.05376344086022,1000.0,1.0,11.904761904761903,107.52688172043011,0.0,215.05376344086022,0.0,322.5806451612903,False,51.0,548.3870967741935,19.607843137254903,2.0,21.505376344086024
28144,Soto del Real,43.18393218326069,9400,19413.0,55841.0,25550.0,329.0,7805.0,7,16,4,0,2,5,5,25,1,8,0.41270905502939104,217.67355413835392,0.042152466367713005,35.0,830.3191489361702,9.873698223725375,17.02127659574468,48.632218844984806,1.0,0.26752273943285176,5.319148936170213,5.319148936170213,26.595744680851062,1.0638297872340425,8.51063829787234,False,6049.0,643.5106382978723,0.33063316250619934,329.0,35.0
28145,Talamanca de Jarama,39.29350931392479,4607,14271.0,39581.0,19950.0,78.0,3390.0,0,0,0,0,1,1,1,2,0,5,4.3872167390594585,117.24582712105526,0.023008849557522124,16.930757542869546,735.8367701324072,9.56598478510039,0.0,0.0,,0.30193236714975846,2.1706099413935314,2.1706099413935314,4.341219882787063,0.0,10.853049706967658,False,2464.0,534.8382895593662,0.4058441558441559,78.0,16.930757542869546
28146,Tielmes,26.903795372483025,2964,12425.0,32256.0,17150.0,64.0,4387.0,0,0,0,0,1,1,0,1,0,4,3.0683833643387644,110.17032946331261,0.014588557100524277,21.59244264507422,1480.0944669365722,9.427465850964829,0.0,0.0,,0.2313208420078649,3.3738191632928474,0.0,3.3738191632928474,0.0,13.49527665317139,False,1571.0,530.0269905533064,0.6365372374283895,64.0,21.59244264507422
28147,Titulcia,10.042317623899539,1389,13487.0,35992.0,19250.0,18.0,1194.0,0,0,0,0,0,1,0,2,0,2,6.447524692206973,138.31468511754127,0.01507537688442211,12.958963282937365,859.6112311015119,9.509481537516857,0.0,0.0,,0.0,7.199424046076314,0.0,14.398848092152628,0.0,14.398848092152628,False,903.0,650.1079913606912,0.0,18.0,12.958963282937365
28148,Torrejón de Ardoz,32.62214352957204,143526,14463.0,41459.0,19950.0,1975.0,87922.0,50,327,17,7,26,84,87,270,5,121,0.9845895942152804,4399.649577591165,0.022463092286344716,13.760572997226983,612.5858729428815,9.579348943073732,22.78332845616822,165.56962025316454,0.8771929824561403,0.302512013217448,5.852598135529451,6.061619497512646,18.811922578487522,0.34836893663865776,8.43052826665552,False,77504.0,539.9997213048507,0.3354665565648225,1975.0,13.760572997226983
28149,Torrejón de la Calzada,8.924720291313724,10653,15061.0,47016.0,21350.0,354.0,8456.0,3,8,0,1,2,4,3,17,0,8,0.22718762747126925,1193.6508542870952,0.041863765373699145,33.23007603491974,793.7670139866703,9.619863900211849,7.509621702806721,22.598870056497177,0.75,0.24685262898049865,3.7548108514033607,2.8161081385525204,15.957946118464283,0.0,7.509621702806721,False,6576.0,617.2909039707125,0.30413625304136255,354.0,33.23007603491974
28150,Torrejón de Velasco,52.2063416521745,4900,14286.0,42058.0,21350.0,126.0,4155.0,0,0,0,0,2,2,1,2,0,2,5.051810190698323,93.8583291785952,0.03032490974729242,25.714285714285715,847.9591836734694,9.567035315714918,0.0,0.0,,0.49640109208240263,4.081632653061225,2.0408163265306123,4.081632653061225,0.0,4.081632653061225,False,3160.0,644.8979591836734,0.6329113924050633,126.0,25.714285714285715
28151,Torrelaguna,43.198372555533034,5081,14444.0,38394.0,19950.0,3678.0,24949.0,0,0,0,1,1,2,4,12,0,7,4.221362481901777,117.62017176615149,0.14742073830614452,723.8732532965952,4910.253887030112,9.578034382397348,0.0,0.0,0.0,0.04701236425179822,3.93623302499508,7.87246604999016,23.61739814997048,0.0,13.776815587482778,True,2957.0,581.9720527455225,0.3381805884342239,112.53999674289246,22.1491825906106
28152,Torrelodones,21.90699917796852,25433,25127.0,80733.0,33250.0,1463.0,18958.0,12,42,7,2,2,23,17,48,1,81,0.22608819313588407,1160.9531635705505,0.0771705876147273,57.52368969449141,745.4095073329926,10.131698244183356,16.513977902724807,28.70813397129187,0.8571428571428571,0.11431837667905116,9.043368851492156,6.6842291511028975,18.873117603114064,0.39318995006487634,31.848385955254983,False,16581.0,651.9482562025714,0.12061998673180145,1463.0,57.52368969449141
28153,Torremocha de Jarama,18.663461647386452,1157,16924.0,40907.0,22750.0,376.0,9510.0,1,2,0,0,0,0,0,0,0,7,0.1203746919580395,61.99278686127453,0.03953732912723449,324.97839239412275,8219.53327571305,9.736488011839958,17.28608470181504,5.319148936170213,1.0,0.0,0.0,0.0,0.0,0.0,60.501296456352634,True,581.0,502.1607605877268,0.0,41.217492771665285,35.62445356237276
28154,Torres de la Alameda,43.48601587070059,7824,14014.0,40471.0,19250.0,162.0,6684.0,2,4,1,0,2,4,2,6,0,1,0.26731898240412943,179.91990858080763,0.02423698384201077,20.705521472392636,854.2944785276073,9.54781210893048,5.112474437627812,24.691358024691358,1.0,0.30665440049064707,5.112474437627812,2.556237218813906,7.668711656441718,0.0,1.278118609406953,False,4831.0,617.459100204499,0.413992962119644,162.0,20.705521472392636
28155,Valdaracete,64.06032947073251,658,13837.0,33452.0,16450.0,9.0,531.0,0,0,0,0,0,0,0,0,0,0,6.262312908855056,10.27156752761665,0.01694915254237288,13.677811550151976,806.9908814589666,9.535101442669385,0.0,0.0,,0.0,0.0,0.0,0.0,0.0,0.0,False,384.0,583.5866261398176,0.0,9.0,13.677811550151976
28156,Valdeavero,18.83185228869076,1896,13680.0,38216.0,19950.0,34.0,1813.0,0,0,0,0,0,2,0,0,0,0,8.441160156631085,100.68048383847082,0.018753447324875896,17.932489451476794,956.2236286919831,9.523690191176541,0.0,0.0,,0.0,10.548523206751055,0.0,0.0,0.0,0.0,False,1154.0,608.6497890295358,0.0,34.0,17.932489451476794
28157,Valdelaguna,42.15073564417775,1122,13311.0,33072.0,17150.0,11.0,990.0,0,0,0,0,0,1,1,0,0,0,5.826287905779829,26.61875250461924,0.011111111111111112,9.803921568627452,882.3529411764706,9.496346040047019,0.0,0.0,,0.0,8.9126559714795,8.9126559714795,0.0,0.0,0.0,False,651.0,580.2139037433155,0.0,11.0,9.803921568627452
28158,Valdemanco,17.43994192528659,1097,14905.0,35959.0,18550.0,24.0,988.0,0,0,0,0,0,0,0,3,0,2,4.018439217957842,62.90158560731406,0.024291497975708502,21.87784867821331,900.6381039197813,9.609452006112171,0.0,0.0,,0.0,0.0,0.0,27.34731084776664,0.0,18.231540565177756,False,621.0,566.0893345487694,0.0,24.0,21.87784867821331
28159,Valdemaqueda,51.9954585921506,870,12322.0,28902.0,15050.0,9.0,694.0,0,0,0,0,0,1,0,3,0,5,5.551366518190869,16.73223053621337,0.012968299711815562,10.344827586206897,797.7011494252873,9.419141561574516,0.0,0.0,,0.0,11.494252873563218,0.0,34.48275862068965,0.0,57.47126436781609,False,483.0,555.1724137931035,0.0,9.0,10.344827586206897
28160,Valdemorillo,93.61479165279505,14420,17550.0,48965.0,22750.0,583.0,12474.0,1,4,0,2,2,1,1,10,0,47,0.81503438680333,154.03548675813843,0.04673721340388007,40.42995839112344,865.0485436893204,9.772809228894012,2.7739251040221915,6.861063464837049,0.3333333333333333,0.1681944327642755,0.6934812760055479,0.6934812760055479,6.934812760055479,0.0,32.59361997226075,False,9559.0,662.8987517337032,0.20922690658018622,583.0,40.42995839112344
28161,Valdemoro,63.90362641304949,85972,15196.0,45042.0,22050.0,1741.0,52354.0,19,64,11,1,16,18,3,46,1,95,1.494752685797567,1345.3383606793875,0.033254383619207704,20.250779323500673,608.9657097659704,9.628787514307517,7.444284185548784,36.760482481332566,0.95,0.3161243158872227,2.093704927185595,0.34895082119759924,5.3505792583631875,0.11631694039919975,11.050109337923976,False,49020.0,570.1856418368772,0.3263973888208894,1741.0,20.250779323500673
28162,Valdeolmos-Alalpardo,26.682875556489122,4626,17819.0,53684.0,24150.0,141.0,3462.0,1,6,1,0,0,0,4,4,0,4,3.1094806849695407,173.36962015981007,0.04072790294627383,30.4798962386511,748.378728923476,9.788020582727414,12.970168612191959,42.5531914893617,1.0,0.0,0.0,8.646779074794638,8.646779074794638,0.0,8.646779074794638,False,2731.0,590.358841331604,0.0,141.0,30.4798962386511
28163,Valdepiélagos,17.579599674221544,612,13885.0,37068.0,19250.0,13.0,592.0,0,0,0,0,0,0,0,1,0,1,7.696842722012479,34.813079441019774,0.02195945945945946,21.241830065359476,967.3202614379085,9.538564399740899,0.0,0.0,,0.0,0.0,0.0,16.33986928104575,0.0,16.33986928104575,False,398.0,650.3267973856209,0.0,13.0,21.241830065359476
28164,Valdetorres de Jarama,33.495011430555046,5175,15147.0,43471.0,19950.0,109.0,4313.0,1,1,1,0,1,2,0,1,0,7,0.6237354509365217,154.50061901693297,0.025272432181776026,21.06280193236715,833.4299516908212,9.625557771527026,1.932367149758454,9.174311926605505,1.0,0.2378686964795433,3.864734299516908,0.0,1.932367149758454,0.0,13.52657004830918,False,3151.0,608.8888888888889,0.31735956839098695,109.0,21.06280193236715
28165,Valdilecha,42.202630720626864,3289,11773.0,32202.0,17150.0,30.0,2619.0,0,0,0,0,1,0,0,1,0,0,7.651187461102971,77.93353029986531,0.011454753722794959,9.121313469139556,796.2906658558833,9.373564053078196,0.0,0.0,,0.3862495171881035,0.0,0.0,3.0404378230465188,0.0,0.0,False,1741.0,529.3402249923988,0.5743825387708213,30.0,9.121313469139556
28166,Valverde de Alcalá,13.678336383500291,565,15238.0,38514.0,18550.0,9.0,583.0,0,0,0,0,0,0,0,0,0,0,3.383487601773156,41.30619281168872,0.015437392795883362,15.929203539823009,1031.858407079646,9.631547587032955,0.0,0.0,,0.0,0.0,0.0,0.0,0.0,0.0,False,334.0,591.150442477876,0.0,9.0,15.929203539823009
28167,Velilla de San Antonio,14.35882144808148,14468,15398.0,44913.0,22050.0,360.0,11143.0,1,2,0,1,1,9,3,7,0,1,1.5142378738742015,1007.603587266078,0.03230727811181908,24.88249930881946,770.182471661598,9.641992909837995,1.3823610727121924,5.555555555555555,0.5,0.09273856997125104,6.220624827204865,2.0735416090682888,4.838263754492673,0.0,0.6911805363560962,False,9015.0,623.0992535250207,0.11092623405435385,360.0,24.88249930881946
28168,El Vellón,34.07822334742434,2281,14195.0,34382.0,18550.0,17.0,1878.0,0,0,0,0,0,2,0,5,0,1,3.212250854408186,66.93424057778527,0.009052183173588925,7.452871547566856,823.3231039017974,9.560645068907071,0.0,0.0,,0.0,8.768084173608067,0.0,21.920210434020166,0.0,4.384042086804033,False,1269.0,556.3349408154318,0.0,17.0,7.452871547566856
28169,Venturada,9.770232376814308,2622,22409.0,61256.0,29050.0,14285.0,111913.0,2,4,0,0,0,2,2,4,0,7,0.10547101155614177,268.3661860717106,0.12764379473340898,5448.131197559115,42682.30358504958,10.01721794286315,15.255530129672007,0.280014000700035,1.0,0.0,7.627765064836003,7.627765064836003,15.255530129672007,0.0,26.69717772692601,True,1724.0,657.5133485888634,0.0,149.75176926599246,57.11356570022596
28170,Villaconejos,33.25814571860199,3569,11595.0,30866.0,16450.0,25.0,3139.0,0,0,0,0,1,1,0,0,0,0,11.098428003112929,107.31205612596082,0.00796431984708506,7.004763239002521,879.5180722891565,9.358329249689632,0.0,0.0,,0.3211303789338471,2.801905295601009,0.0,0.0,0.0,0.0,False,2176.0,609.6945923227795,0.45955882352941174,25.0,7.004763239002521
28171,Villa del Prado,78.42161457972276,7743,12536.0,35179.0,16450.0,93.0,5315.0,0,0,0,0,2,2,0,4,0,7,10.413295556190013,98.73553409345494,0.017497648165569143,12.010848508330104,686.4264496965001,9.436359784035856,0.0,0.0,,0.38299502106472616,2.582978173834431,0.0,5.165956347668862,0.0,9.04042360842051,False,3905.0,504.32648844117267,0.5121638924455826,93.0,12.010848508330104
28172,Villalbilla,34.779610918237886,18687,18420.0,53793.0,26250.0,786.0,14729.0,12,27,4,0,5,5,3,13,0,15,0.2861155983547829,537.2975575813825,0.0533641116165388,42.06132605554664,788.1950018729598,9.821192309809298,14.448547118317547,34.35114503816794,1.0,0.3586028831671807,2.6756568737625086,1.6053941242575052,6.956707871782523,0.0,8.026970621287525,False,12072.0,646.0105956012201,0.41418157720344595,786.0,42.06132605554664
28173,Villamanrique de Tajo,29.30275161795666,859,12034.0,27917.0,15750.0,229.0,2574.0,0,0,0,0,0,0,0,0,0,0,9.605130117245901,29.314653149283316,0.08896658896658896,266.58905704307335,2996.5075669383004,9.395491255780296,0.0,0.0,,0.0,0.0,0.0,0.0,0.0,0.0,True,490.0,570.4307334109429,0.0,14.894747904020019,17.33963667522703
28174,Villamanta,63.14676588607679,2899,12981.0,37101.0,17850.0,38.0,2330.0,0,0,0,0,1,2,0,0,0,1,6.894700441114567,45.90892279788472,0.01630901287553648,13.107968264918936,803.7254225595033,9.471242028892995,0.0,0.0,,0.4363001745200698,6.898930665746809,0.0,0.0,0.0,3.4494653328734044,False,1561.0,538.4615384615385,0.6406149903907751,38.0,13.107968264918936
28175,Villamantilla,23.908723610593448,1660,14892.0,41530.0,20650.0,62.0,1226.0,0,0,0,0,0,2,2,2,0,19,4.948832861705785,69.43072440991745,0.05057096247960848,37.34939759036145,738.5542168674699,9.608579434992608,0.0,0.0,,0.0,12.048192771084338,12.048192771084338,12.048192771084338,0.0,114.4578313253012,False,941.0,566.8674698795181,0.0,62.0,37.34939759036145
28176,Villanueva de la Cañada,34.900107143972654,24028,20858.0,70766.0,28350.0,1109.0,16535.0,6,41,3,3,3,5,4,16,0,74,0.17303914733867407,688.479261707645,0.06706985182945267,46.154486432495425,688.1554852671883,9.945492846681159,17.063426002996504,36.9702434625789,0.6666666666666666,0.19447685725398678,2.080905610121525,1.66472448809722,6.65889795238888,0.0,30.79740302979857,False,14575.0,606.5839853504244,0.2058319039451115,1109.0,46.154486432495425
28177,Villanueva del Pardillo,25.329721778228713,18466,18671.0,59787.0,25550.0,735.0,11970.0,6,16,1,0,2,4,1,9,0,50,0.14636906276739742,729.024983443435,0.06140350877192982,39.80288097043214,648.2183472327521,9.834726796965336,8.664572728257337,21.768707482993197,1.0,0.17801513128615934,2.166143182064334,0.5415357955160836,4.873822159644753,0.0,27.07678977580418,False,11350.0,614.643127910755,0.1762114537444934,735.0,39.80288097043214
28178,Villanueva de Perales,31.64118100898604,1715,13516.0,40523.0,20650.0,594.0,23385.0,0,0,0,0,2,3,0,5,0,8,6.522154166930235,54.201516672621764,0.025400898011545863,346.35568513119534,13635.568513119533,9.511629447834181,0.0,0.0,,0.08775393795796586,17.49271137026239,0.0,29.154518950437318,0.0,46.647230320699705,True,1076.0,627.4052478134112,1.858736059479554,36.1068244041034,21.053541926590903
28179,Villar del Olmo,27.779850429602885,2341,13648.0,36427.0,20650.0,87.0,2240.0,0,0,0,0,0,1,0,1,0,3,3.7161596078786703,84.26971217618124,0.038839285714285715,37.16360529688168,956.8560444254592,9.52134826973146,0.0,0.0,,0.0,4.271678769756514,0.0,4.271678769756514,0.0,12.815036309269544,False,1535.0,655.7026911576249,0.0,87.0,37.16360529688168
28180,Villarejo de Salvanés,118.55904575687809,8042,12793.0,34795.0,18550.0,85.0,6241.0,3,8,1,0,4,3,4,10,0,4,3.7828377623097396,67.83118022467258,0.013619612241627945,10.569510072121364,776.0507336483462,9.456653425317034,9.947774185525988,94.11764705882352,1.0,0.649772579597141,3.730415319572246,4.973887092762994,12.434717731907485,0.0,4.973887092762994,False,4599.0,571.8726684904253,0.8697542944118286,85.0,10.569510072121364
28181,Villaviciosa de Odón,67.91579397665794,30127,22250.0,68382.0,29750.0,1295.0,23180.0,8,28,3,5,5,20,22,56,0,61,1.4987506792393084,443.59342998116733,0.05586712683347714,42.98469811132871,769.4094997842467,10.010097287594386,9.29398878082783,21.62162162162162,0.6153846153846154,0.2284669865204478,6.63856341487702,7.302419756364723,18.58797756165566,0.0,20.247618415374912,False,19463.0,646.0317987187573,0.25689770333453216,1295.0,42.98469811132871
28182,Villavieja del Lozoya,23.44188750593614,332,17205.0,37020.0,21350.0,7.0,298.0,0,0,0,0,0,0,0,0,0,0,5.076789622511598,14.162682075661712,0.02348993288590604,21.08433734939759,897.5903614457831,9.752955318231582,0.0,0.0,,0.0,0.0,0.0,0.0,0.0,0.0,False,186.0,560.2409638554217,0.0,7.0,21.08433734939759
28183,Zarzalejo,20.57370765282159,1946,12921.0,32896.0,16450.0,28.0,1623.0,2,4,0,0,0,3,0,4,1,3,0.6505435440179214,94.5867430819216,0.01725200246457178,14.388489208633095,834.0184994861254,9.46660917372222,20.554984583761563,142.85714285714286,1.0,0.0,15.416238437821171,0.0,20.554984583761563,5.138746145940391,15.416238437821171,False,1105.0,567.8314491264132,0.0,28.0,14.388489208633095
28901,Lozoyuela-Navas-Sieteiglesias,51.448274760360235,1468,13324.0,33065.0,17850.0,37.0,1350.0,4,10,0,1,2,1,0,2,0,9,0.5336265846189484,28.533512675357226,0.027407407407407408,25.204359673024523,919.6185286103542,9.49732219931357,68.11989100817439,270.27027027027026,0.8,1.5232292460015233,6.8119891008174385,0.0,13.623978201634877,0.0,61.30790190735695,False,807.0,549.7275204359673,2.4783147459727384,37.0,25.204359673024523
28902,Puentes Viejas,58.51574323645758,759,15552.0,36383.0,20650.0,10.0,706.0,0,0,0,0,0,0,0,7,0,2,3.753903030800306,12.970868317145692,0.014164305949008499,13.175230566534914,930.171277997365,9.65194452670022,0.0,0.0,,0.0,0.0,0.0,92.2266139657444,0.0,26.350461133069828,False,448.0,590.2503293807641,0.0,10.0,13.175230566534914
28903,Tres Cantos,37.968640631627686,54592,23133.0,67752.0,32550.0,1736.0,33976.0,20,83,6,11,7,24,32,69,2,62,0.11648566315089233,1437.8181333815028,0.051094890510948905,31.799531066822976,622.3622508792497,10.04901544850107,15.20369284876905,47.8110599078341,0.6451612903225806,0.21712158808933002,4.3962485345838225,5.8616647127784285,12.639214536928488,0.3663540445486518,11.356975381008207,False,34536.0,632.6201641266119,0.20268705119295807,1736.0,31.799531066822976
