ine_code,income_net_pp,income_net_hh,income_median_uc
28001,16893.0,31213.0,
28002,16039.0,45022.0,22050.0
28003,19327.0,34432.0,22750.0
28004,12605.0,36817.0,17850.0
28005,15598.0,41866.0,20650.0
28006,21644.0,65139.0,24150.0
28007,15667.0,41634.0,21350.0
28008,12649.0,33409.0,17150.0
28009,18232.0,57767.0,23450.0
28010,17829.0,51116.0,24150.0
28011,12672.0,27945.0,15750.0
28012,13676.0,35506.0,18550.0
28013,14173.0,40453.0,19250.0
28014,13968.0,40353.0,19950.0
28015,17420.0,54546.0,26250.0
28016,13811.0,27367.0,17150.0
28017,16503.0,47860.0,24150.0
28018,17515.0,45765.0,21350.0
28019,13173.0,33971.0,17850.0
28020,19798.0,40063.0,22050.0
28021,15781.0,36501.0,18550.0
28022,26668.0,89455.0,36750.0
28023,17915.0,50159.0,24150.0
28024,17607.0,36388.0,24150.0
28025,12793.0,26395.0,16450.0
28026,15529.0,46320.0,20650.0
28027,14627.0,37493.0,19250.0
28028,16087.0,37339.0,19950.0
28029,17287.0,43672.0,22050.0
28030,15209.0,40944.0,19950.0
28031,12228.0,30752.0,15750.0
28032,15491.0,43253.0,21350.0
28033,14076.0,38067.0,19250.0
28034,15186.0,29513.0,17850.0
28035,12333.0,31090.0,16450.0
28036,13772.0,41197.0,19950.0
28037,11511.0,28218.0,15750.0
28038,15770.0,39930.0,20650.0
28039,18596.0,35200.0,23450.0
28040,12927.0,36875.0,18550.0
28041,19766.0,62110.0,27650.0
28042,15331.0,40034.0,19950.0
28043,12312.0,33834.0,17150.0
28044,16340.0,49871.0,22050.0
28045,17736.0,52003.0,24150.0
28046,18271.0,50414.0,22750.0
28047,14647.0,41413.0,19950.0
28048,13602.0,34806.0,19950.0
28049,15265.0,41836.0,20650.0
28050,15046.0,48589.0,22050.0
28051,14037.0,39745.0,19250.0
28052,13062.0,33815.0,17150.0
28053,17623.0,53691.0,25550.0
28054,17477.0,45779.0,22750.0
28055,12029.0,30792.0,15750.0
28056,12542.0,35963.0,17150.0
28057,15092.0,43247.0,20650.0
28058,13454.0,38299.0,19250.0
28059,14563.0,43309.0,19250.0
28060,12553.0,31356.0,17150.0
28061,17032.0,49504.0,22050.0
28062,17957.0,35472.0,22750.0
28063,15573.0,29519.0,17850.0
28064,17107.0,43848.0,23450.0
28065,15867.0,41792.0,21350.0
28066,16818.0,51037.0,22750.0
28067,15394.0,41488.0,20650.0
28068,16602.0,44863.0,22050.0
28069,16893.0,31213.0,
28070,17763.0,35029.0,19250.0
28071,15223.0,30153.0,17150.0
28072,19583.0,56407.0,25550.0
28073,12552.0,36888.0,17850.0
28074,14531.0,38660.0,19950.0
28075,14785.0,42908.0,21350.0
28076,17234.0,35223.0,17850.0
28078,16893.0,31213.0,
28079,19632.0,49916.0,22750.0
28080,24019.0,74987.0,31150.0
28082,17549.0,44742.0,22750.0
28083,16076.0,48565.0,22750.0
28084,13212.0,38219.0,19250.0
28085,16029.0,41298.0,19950.0
28086,13106.0,37511.0,17850.0
28087,16704.0,44619.0,22050.0
28088,15317.0,32549.0,18550.0
28089,15002.0,45942.0,22050.0
28090,18091.0,53552.0,25550.0
28091,12762.0,34744.0,17850.0
28092,14045.0,38622.0,19950.0
28093,18244.0,45842.0,21350.0
28094,14569.0,36012.0,17850.0
28095,12374.0,35963.0,17150.0
28096,14381.0,43431.0,20650.0
28097,20421.0,31718.0,21350.0
28099,12848.0,35017.0,17850.0
28100,15209.0,45765.0,20650.0
28101,19861.0,46808.0,20650.0
28102,11961.0,30063.0,16450.0
28104,20187.0,63913.0,29050.0
28106,11522.0,35177.0,16450.0
28107,16173.0,37616.0,22750.0
28108,16314.0,42764.0,22050.0
28109,11855.0,30359.0,14350.0
28110,12690.0,33671.0,17150.0
28111,14071.0,33453.0,18550.0
28112,18175.0,34252.0,19250.0
28113,15301.0,42700.0,21350.0
28114,15504.0,31525.0,19250.0
28115,30524.0,96290.0,37450.0
28116,13316.0,36272.0,18550.0
28117,18613.0,38615.0,19950.0
28118,16893.0,31213.0,
28119,14615.0,43822.0,19950.0
28120,16346.0,36162.0,19250.0
28121,16341.0,35776.0,22750.0
28122,15798.0,37881.0,20650.0
28123,18478.0,54628.0,26250.0
28124,16345.0,32116.0,17150.0
28125,14986.0,37151.0,19250.0
28126,16893.0,31213.0,
28127,24183.0,74371.0,33250.0
28128,13987.0,29427.0,17850.0
28129,19468.0,60674.0,24850.0
28130,14948.0,40448.0,20650.0
28131,17163.0,44280.0,22050.0
28132,12720.0,38563.0,18550.0
28133,12826.0,34141.0,16450.0
28134,18761.0,52413.0,24150.0
28135,13624.0,29695.0,17150.0
28136,14092.0,35890.0,19950.0
28137,13849.0,39530.0,19950.0
28138,13668.0,30605.0,18550.0
28140,15505.0,48628.0,22050.0
28141,15739.0,45411.0,22050.0
28143,16893.0,31213.0,
28144,19413.0,55841.0,25550.0
28145,14271.0,39581.0,19950.0
28146,12425.0,32256.0,17150.0
28147,13487.0,35992.0,19250.0
28148,14463.0,41459.0,19950.0
28149,15061.0,47016.0,21350.0
28150,14286.0,42058.0,21350.0
28151,14444.0,38394.0,19950.0
28152,25127.0,80733.0,33250.0
28153,16924.0,40907.0,22750.0
28154,14014.0,40471.0,19250.0
28155,13837.0,33452.0,16450.0
28156,13680.0,38216.0,19950.0
28157,13311.0,33072.0,17150.0
28158,14905.0,35959.0,18550.0
28159,12322.0,28902.0,15050.0
28160,17550.0,48965.0,22750.0
28161,15196.0,45042.0,22050.0
28162,17819.0,53684.0,24150.0
28163,13885.0,37068.0,19250.0
28164,15147.0,43471.0,19950.0
28165,11773.0,32202.0,17150.0
28166,15238.0,38514.0,18550.0
28167,15398.0,44913.0,22050.0
28168,14195.0,34382.0,18550.0
28169,22409.0,61256.0,29050.0
28170,11595.0,30866.0,16450.0
28171,12536.0,35179.0,16450.0
28172,18420.0,53793.0,26250.0
28173,12034.0,27917.0,15750.0
28174,12981.0,37101.0,17850.0
28175,14892.0,41530.0,20650.0
28176,20858.0,70766.0,28350.0
28177,18671.0,59787.0,25550.0
28178,13516.0,40523.0,20650.0
28179,13648.0,36427.0,20650.0
28180,12793.0,34795.0,18550.0
28181,22250.0,68382.0,29750.0
28182,17205.0,37020.0,21350.0
28183,12921.0,32896.0,16450.0
28901,13324.0,33065.0,17850.0
28902,15552.0,36383.0,20650.0
28903,23133.0,67752.0,32550.0
