ine_code,name,population,public_points,public_sites,expected,pearson_resid,p_shortfall,fleet_domicile_flag,group,gap_points,ratio_obs_exp
28001,La Acebeda,70,0,0,0.024590548654783658,-0.15529683765270508,0.9759418305080158,False,Other,0.024590548654783658,0.0
28002,Ajalvir,4868,4,3,5.439732232562629,-0.26706479226951646,0.5493231488669136,True,Other,1.439732232562629,0.7353303120428818
28003,Alameda del Valle,267,0,0,0.21763023489478664,-0.43060024826259025,0.8181872346384161,False,Other,0.21763023489478664,0.0
28004,El Álamo,10594,4,2,7.634231675550513,-0.4938206372393404,0.42725439052407177,False,Other,3.634231675550513,0.523955804591371
28005,Alcalá de Henares,203208,260,56,170.09331630803982,0.5894205424263427,0.7889698454432903,False,Other,-89.90668369196018,1.5285727014054964
28006,Alcobendas,123342,281,65,191.85441116148087,0.5183567299793405,0.7731163907098328,True,Other,-89.14558883851913,1.464652276165215
28007,Alcorcón,175719,275,49,182.35508761337385,0.5666710143006992,0.7839914311701655,False,South,-92.64491238662615,1.5080467652377778
28008,Aldea del Fresno,3503,4,1,2.254254431844382,0.6949150710706727,0.8460388974504885,False,Other,-1.745745568155618,1.7744225955573643
28009,Algete,21144,17,4,25.05100351801152,-0.351029254855899,0.47610154579063235,False,Other,8.05100351801152,0.6786155288261049
28010,Alpedrete,15686,2,1,20.17814491304123,-0.9783713152278287,0.09784638363348393,False,Other,18.17814491304123,0.09911713929199659
28011,Ambite,732,0,0,0.28697236743475485,-0.4832007671158929,0.7722929418180972,False,Other,0.28697236743475485,0.0
28012,Anchuelo,1414,0,0,0.6584387908929774,-0.6569492039960123,0.5891150950890276,False,Other,0.6584387908929774,0.0
28013,Aranjuez,63040,37,13,42.63845085210056,-0.14587629735255062,0.5657111917122514,False,Other,5.638450852100561,0.8677613576614549
28014,Arganda del Rey,60419,60,18,49.92258527109996,0.22314365788237636,0.6972721446660562,False,Other,-10.077414728900038,1.2018608346137438
28015,Arroyomolinos,38075,149,10,42.31811337611514,2.780634021028112,0.9788935945829965,False,Other,-106.68188662388485,3.520950914699742
28016,El Atazar,110,0,0,0.044013655835776655,-0.20620295712697806,0.9576642240859328,False,Other,0.044013655835776655,0.0
28017,Batres,1976,0,0,1.3243968638644985,-0.8023470486520169,0.40509286068516104,False,Other,1.3243968638644985,0.0
28018,Becerril de la Sierra,6737,0,0,5.988392620278825,-1.0178144374550473,0.11105009928608352,False,Other,5.988392620278825,0.0
28019,Belmonte de Tajo,1955,0,0,0.8665199569448535,-0.7156832346409212,0.5175772178957355,False,Other,0.8665199569448535,0.0
28020,Berzosa del Lozoya,242,2,1,0.18481541093289247,3.9415563777167546,0.9968313318077515,False,Other,-1.8151845890671074,10.821608381598715
28021,El Berrueco,795,0,0,0.5014224904127554,-0.5984015572753829,0.6559041966744295,False,Other,0.5014224904127554,0.0
28022,Boadilla del Monte,66349,102,40,155.0029522492186,-0.3811765137162178,0.4516325923452648,False,Other,53.002952249218595,0.658051982364834
28023,El Boalo-Cerceda-Mataelpino,8770,17,7,9.092811173947537,0.9124562886593293,0.8566647852938397,False,Other,-7.907188826052463,1.8696088233645405
28024,Braojos,233,2,1,0.14986097011131638,4.516704973196268,0.9981728594930055,False,Other,-1.8501390298886835,13.345703010693208
28025,Brea de Tajo,577,1,1,0.18018644742084824,1.8058033931780169,0.978177977750609,False,Other,-0.8198135525791518,5.549806960033867
28026,Brunete,11287,16,6,9.601035810566977,0.7015780271513089,0.8215118847130842,True,Other,-6.398964189433023,1.666486857844054
28027,Buitrago del Lozoya,2034,0,0,2.7564502042477135,-0.9280380614289917,0.23288468692070305,False,Other,2.7564502042477135,0.0
28028,Bustarviejo,2870,0,0,2.951186782176268,-0.9377554115441021,0.2194510999363942,False,Other,2.951186782176268,0.0
28029,Cabanillas de la Sierra,961,2,2,0.6689594886865833,1.313933279664965,0.9402573469695419,False,Other,-1.3310405113134167,2.9897176642590795
28030,La Cabrera,2889,8,4,3.2966827032320523,1.3592707900901255,0.9176922462240946,False,Other,-4.703317296767947,2.426681825386725
28031,Cadalso de los Vidrios,3372,0,0,1.8275555165757982,-0.8621040924050307,0.32398720424450134,False,Other,1.8275555165757982,0.0
28032,Camarma de Esteruelas,8331,0,0,5.097490154474649,-1.002768291797435,0.13090071397034758,False,Other,5.097490154474649,0.0
28033,Campo Real,6974,3,2,4.303857790438407,-0.2984106957478075,0.5458147543701628,False,Other,1.303857790438407,0.6970490536803747
28034,Canencia,475,0,0,0.19695694442628803,-0.4125487266661614,0.8328299102382889,False,Other,0.19695694442628803,0.0
28035,Carabaña,2451,0,0,1.041855273996713,-0.7541775043508459,0.468521649144903,False,Other,1.041855273996713,0.0
28036,Casarrubuelos,4323,2,1,3.7285623059232926,-0.4489116906788666,0.4840587002027995,False,Other,1.7285623059232926,0.5363997798354468
28037,Cenicientos,2152,4,2,1.2124851104087142,1.8045669265062088,0.957007231454542,False,Other,-2.787514889591286,3.2990095842510163
28038,Cercedilla,7772,0,0,6.538238465985041,-1.0252998591551252,0.10132171231393933,False,Other,6.538238465985041,0.0
28039,Cervera de Buitrago,165,0,0,0.10172132520635137,-0.306726941513106,0.9068284606823028,False,Other,0.10172132520635137,0.0
28040,Ciempozuelos,26350,20,6,19.157225501407144,0.047702244469823,0.6459531875433606,False,Other,-0.8427744985928562,1.0439925133486032
28041,Cobeña,7670,3,1,11.06588168023638,-0.7732026184373033,0.24957977717650023,False,Other,8.06588168023638,0.2711035674055677
28042,Colmenar del Arroyo,2044,2,1,2.7346207213192204,-0.24899517541332725,0.5915428263663006,True,Other,0.7346207213192204,0.7313628483862183
28043,Colmenar de Oreja,9127,0,0,3.7512103570069955,-0.9690523150397118,0.1764263379517203,False,Other,3.7512103570069955,0.0
28044,Colmenarejo,9640,4,1,6.682120000980326,-0.41225687620901597,0.47403503950802084,False,Other,2.6821200009803263,0.5986124163309196
28045,Colmenar Viejo,58730,40,14,57.15954327626553,-0.3323712597485302,0.47926000262976004,False,Other,17.15954327626553,0.6997956545361215
28046,Collado Mediano,7722,0,0,8.645541916583824,-1.0460011292129432,0.07507000157555645,True,Other,8.645541916583824,0.0
28047,Collado Villalba,67274,102,33,57.01641619706419,0.8734718954681093,0.84316079752186,False,Other,-44.98358380293581,1.788958457989719
28048,Corpa,832,0,0,0.41151870348668423,-0.5565583881636375,0.7005895588123755,False,Other,0.41151870348668423,0.0
28049,Coslada,80512,112,21,76.78845948743171,0.5090837048577489,0.7719789665221346,False,Other,-35.21154051256829,1.4585525057750575
28050,Cubas de la Sagra,7238,7,2,5.126920523163353,0.36656098671814613,0.760302018823868,False,Other,-1.8730794768366472,1.3653420154211677
28051,Chapinería,2705,2,1,1.5090481589900482,0.26916187830704913,0.7821856650834015,False,Other,-0.4909518410099518,1.3253387495191196
28052,Chinchón,5800,0,0,3.583369861103749,-0.9634205239713519,0.18412976619828558,False,Other,3.583369861103749,0.0
28053,Daganzo de Arriba,10764,6,2,11.558719326675643,-0.5112532242626182,0.40545136693881917,False,Other,5.558719326675643,0.5190886490472155
28054,El Escorial,17171,10,5,14.41163368257321,-0.328625679531963,0.4947007979715607,False,Other,4.4116336825732105,0.6938838594053475
28055,Estremera,1473,0,0,1.017485265197939,-0.7492946119717335,0.4748304876746835,False,Other,1.017485265197939,0.0
28056,Fresnedillas de la Oliva,1883,2,1,0.7351108237911151,1.171139144661569,0.9287893236561531,False,Other,-1.264889176208885,2.7206782096957784
28057,Fresno de Torote,2561,0,0,1.4917914120244367,-0.8251661134745184,0.3743843500629643,False,Other,1.4917914120244367,0.0
28058,Fuenlabrada,190076,139,38,141.08322587477943,-0.016453387990306677,0.6137088871355273,False,South,2.08322587477943,0.9852340640649341
28059,Fuente el Saz de Jarama,7413,4,1,7.199481343485805,-0.45904985903929924,0.4475990843494607,False,Other,3.1994813434858047,0.5555955782313761
28060,Fuentidueña de Tajo,2372,0,0,2.1837810085303118,-0.892205609083386,0.282482899939279,False,Other,2.1837810085303118,0.0
28061,Galapagar,36758,27,10,39.36768288809296,-0.3461469868133327,0.4746023919263822,False,Other,12.367682888092958,0.6858417366536537
28062,Garganta de los Montes,441,0,0,0.2700332344815551,-0.4713228729400841,0.7830700254246296,False,Other,0.2700332344815551,0.0
28063,Gargantilla del Lozoya y Pinilla de Buitrago,396,4,2,0.2612146641913754,6.654308366143181,0.9997487489746161,False,Other,-3.7387853358086245,15.31307598056384
28064,Gascones,252,0,0,0.14121672851231581,-0.356243718251747,0.8747575317476871,False,Other,0.14121672851231581,0.0
28065,Getafe,193238,184,44,190.25015751686198,-0.03664837585258914,0.6056154666816974,False,South,6.250157516861975,0.9671476880837377
28066,Griñón,10799,4,2,11.4841208637375,-0.6925899677827048,0.2995670442501966,False,Other,7.4841208637375,0.3483070273694596
28067,Guadalix de la Sierra,6993,14,6,5.697051081231279,1.4768564351271716,0.922778425763699,False,Other,-8.30294891876872,2.4574117030690625
28068,Guadarrama,17547,13,7,16.71514836089034,-0.23993164471479367,0.5334515149983019,False,Other,3.715148360890339,0.7777376376997679
28069,La Hiruela,88,0,0,0.052066195876110236,-0.22358091428242477,0.9502661187029384,True,Other,0.052066195876110236,0.0
28070,Horcajo de la Sierra-Aoslos,219,2,1,1.0614757499233618,0.6702107430053766,0.8675046214077723,False,Other,-0.9385242500766382,1.8841692804987766
28071,Horcajuelo de la Sierra,104,0,0,0.04291366744140398,-0.20369636220320297,0.9586828596822482,False,Other,0.04291366744140398,0.0
28072,Hoyo de Manzanares,9310,2,1,9.30986172309762,-0.8250265303352834,0.22146276207793958,False,Other,7.309861723097621,0.21482596191928732
28073,Humanes de Madrid,20500,8,4,20.230977580245344,-0.6566180791857686,0.3094561232081611,False,Other,12.230977580245344,0.39543318993203996
28074,Leganés,195734,261,41,167.51062630091346,0.6223231423335726,0.7959207527066459,False,South,-93.48937369908654,1.5581101077799309
28075,Loeches,9261,9,3,9.89686057734834,-0.09555694792319973,0.6026774357920107,False,Other,0.89686057734834,0.9093792854472408
28076,Lozoya,598,0,0,2.1130605309758796,-0.8868125233950526,0.28993767077314414,False,Other,2.1130605309758796,0.0
28078,Madarcos,69,0,0,0.025955988389545603,-0.15946496032449534,0.9746364689155511,False,Other,0.025955988389545603,0.0
28079,Madrid,3506730,3664,618,4557.595919906533,-0.21941157449811588,0.5280435580897521,False,Other,893.5959199065328,0.803932613682685
28080,Majadahonda,73625,232,40,128.10138128831198,0.9033514418087225,0.8470605794790671,True,North-west,-103.89861871168802,1.8110655612514286
28082,Manzanares el Real,9648,4,2,8.891858750508149,-0.5764691825583871,0.3764903858992222,False,Other,4.891858750508149,0.4498497009718479
28083,Meco,15922,12,3,17.87934542822671,-0.3557844402206365,0.4780098078307945,False,Other,5.87934542822671,0.6711655104025903
28084,Mejorada del Campo,25049,11,5,18.2800486300874,-0.43119964687810114,0.4393484859940454,False,Other,7.2800486300874,0.601748946219702
28085,Miraflores de la Sierra,7350,10,5,6.688857689532084,0.5084689040459867,0.7876746858736215,False,Other,-3.3111423104679156,1.4950235846174125
28086,El Molar,9999,10,6,7.284143218758954,0.3854643726420664,0.7580747017337254,False,Other,-2.7158567812410457,1.3728450553040834
28087,Los Molinos,4781,0,0,4.143534591186143,-0.980745155808549,0.16050910566690124,False,Other,4.143534591186143,0.0
28088,Montejo de la Sierra,404,0,0,0.22150437576413967,-0.4338447933311087,0.8154946443128095,False,Other,0.22150437576413967,0.0
28089,Moraleja de Enmedio,5580,5,3,5.206948526131917,-0.039937601486550414,0.6400936952955413,False,Other,0.20694852613191728,0.9602553155474243
28090,Moralzarzal,14772,19,5,15.999543747999507,0.20212743243477496,0.6978446643976238,True,Other,-3.000456252000493,1.1875338634188024
28091,Morata de Tajuña,8397,0,0,4.312417909677295,-0.9852337151587969,0.15443107000316253,False,Other,4.312417909677295,0.0
28092,Móstoles,214817,110,35,157.89864471689424,-0.33817600768553063,0.47333144658485615,False,South,47.89864471689424,0.696649424681418
28093,Navacerrada,3311,4,1,5.406100967816385,-0.2622962523102007,0.5516276303591878,True,Other,1.4061009678163847,0.7399047897575001
28094,Navalafuente,1693,0,0,0.8461221632293223,-0.7106378692010772,0.5238861165322112,False,Other,0.8461221632293223,0.0
28095,Navalagamella,3169,6,3,1.3529099161276437,2.770195755417948,0.9839076734555764,False,Other,-4.647090083872357,4.434885078803662
28096,Navalcarnero,33331,51,20,26.781813077810433,0.9892120829317335,0.8623090964058034,False,Other,-24.218186922189567,1.9042773486554982
28097,Navarredonda y San Mamés,163,0,0,0.10837470044204994,-0.3158244448682804,0.901278854918392,False,Other,0.10837470044204994,0.0
28099,Navas del Rey,3420,8,2,2.663726573697818,1.8491204703957624,0.9521314322158142,True,Other,-5.336273426302181,3.003311255364435
28100,Nuevo Baztán,7429,4,1,5.483184956745586,-0.27314747128001043,0.5463684211056966,False,Other,1.4831849567455864,0.7295030227056402
28101,Olmeda de las Fuentes,429,0,0,0.336135460237753,-0.5148007746954024,0.7424754536514357,False,Other,0.336135460237753,0.0
28102,Orusco de Tajuña,1531,2,1,1.2260826289878386,0.4968602444301557,0.8356724131848635,False,Other,-0.7739173710121614,1.6312114311994204
28104,Paracuellos de Jarama,27650,25,6,36.394829659377926,-0.3445354553499491,0.47596329026997397,False,Other,11.394829659377926,0.6869107572140595
28106,Parla,137471,49,19,81.9463166586373,-0.446577715113798,0.4188840738718375,False,Other,32.9463166586373,0.5979524400604685
28107,Patones,617,0,0,0.42905848429801985,-0.5653240999086686,0.6914485891476797,True,Other,0.42905848429801985,0.0
28108,Pedrezuela,6606,2,1,4.9596422530668045,-0.5967633713278366,0.3901024815433462,False,Other,2.9596422530668045,0.4032548917743606
28109,Pelayos de la Presa,3195,1,1,2.984456277618129,-0.6245804649860289,0.4090174654519109,False,Other,1.9844562776181291,0.33506940862209317
28110,Perales de Tajuña,3260,4,2,4.0660737292801175,-0.01590199337776546,0.6572263815511292,False,Other,0.06607372928011745,0.9837499923318371
28111,Pezuela de las Torres,1008,0,0,1.0598642672270464,-0.7577000526184432,0.46395565655851717,False,Other,1.0598642672270464,0.0
28112,Pinilla del Valle,200,0,0,0.11740928025836843,-0.32763954730862843,0.8938401928190094,False,Other,0.11740928025836843,0.0
28113,Pinto,56651,60,18,54.80868434192708,0.1048177673055933,0.6592151703136352,False,Other,-5.1913156580729165,1.0947170274273799
28114,Piñuécar-Gandullas,183,0,0,0.0775924149961648,-0.27030809424841357,0.9274799418066177,False,Other,0.0775924149961648,0.0
28115,Pozuelo de Alarcón,89770,193,29,251.57972173646027,-0.2599602838695254,0.5103789162766059,False,North-west,58.57972173646027,0.7671524503957244
28116,Pozuelo del Rey,1302,0,0,0.671026641540929,-0.6610257238634065,0.5842901879124927,False,Other,0.671026641540929,0.0
28117,Prádena del Rincón,146,0,0,0.058812361884526154,-0.23701248315825155,0.9441469358886037,False,Other,0.058812361884526154,0.0
28118,Puebla de la Sierra,98,2,1,0.034199892781949924,10.487642649179861,0.999971431208627,False,Other,-1.96580010721805,58.47971549944634
28119,Quijorna,4044,0,0,2.2836797405859626,-0.8994052819586178,0.2725227891830529,False,Other,2.2836797405859626,0.0
28120,Rascafría,1704,0,0,2.181244990140924,-0.8920166073868172,0.2827442523447387,False,Other,2.181244990140924,0.0
28121,Redueña,288,2,1,0.17416065086333307,4.099388874560886,0.9972848118557316,True,Other,-1.825839349136667,11.48365023951039
28122,Ribatejada,905,0,0,0.5580645120360395,-0.6213435123382178,0.6303050712537672,False,Other,0.5580645120360395,0.0
28123,Rivas-Vaciamadrid,103148,199,43,126.48219637844393,0.6385414679439102,0.7994804728532781,False,Other,-72.51780362155607,1.5733439622172398
28124,Robledillo de la Jara,118,0,0,0.07678478000792853,-0.26897930448730756,0.9281857969138897,False,Other,0.07678478000792853,0.0
28125,Robledo de Chavela,4818,2,1,3.8412916631564564,-0.4658767762125272,0.47391597334153635,True,Other,1.8412916631564564,0.5206581992153558
28126,Robregordo,79,0,0,0.028410636450777828,-0.16667500881130143,0.9722977031995376,False,Other,0.028410636450777828,0.0
28127,Las Rozas de Madrid,99037,191,30,165.08477479853917,0.17503316501308694,0.6799820700756026,False,North-west,-25.915225201460828,1.1569813160122513
28128,Rozas de Puerto Real,579,0,0,0.2648742694499876,-0.467591659635178,0.786406157476818,True,Other,0.2648742694499876,0.0
28129,San Agustín del Guadalix,13825,8,4,15.08738611459511,-0.5052036876327741,0.40291629904799947,False,Other,7.087386114595111,0.5302442675780019
28130,San Fernando de Henares,39059,12,7,42.859825661398915,-0.79433085014372,0.21233994637692363,False,Other,30.859825661398915,0.27998247344266797
28131,San Lorenzo de El Escorial,18872,35,12,22.503365382993533,0.604917905311602,0.7966676178198417,False,Other,-12.496634617006467,1.5553229218972975
28132,San Martín de la Vega,21010,94,4,12.26714416368582,7.103196728035741,0.9998089555230544,False,Other,-81.73285583631417,7.662745195272613
28133,San Martín de Valdeiglesias,9324,12,4,6.16573667473531,0.9655012230979798,0.8678250516592869,False,Other,-5.83426332526469,1.9462394573500255
28134,San Sebastián de los Reyes,96992,207,40,116.36183362662709,0.8671401383548938,0.8413349867699675,False,Other,-90.63816637337291,1.7789338097249798
28135,Santa María de la Alameda,1584,2,1,1.3417214738022942,0.39489057198365696,0.813530934634711,False,Other,-0.6582785261977058,1.490622337833064
28136,Santorcaz,1011,0,0,0.47001560532710995,-0.5846153842790214,0.6709179070950634,False,Other,0.47001560532710995,0.0
28137,Los Santos de la Humosa,2867,0,0,1.3576746524173406,-0.8071698508037108,0.39863422181430347,False,Other,1.3576746524173406,0.0
28138,La Serna del Monte,110,0,0,0.7716249987089489,-0.6910076740473862,0.5481484330907697,False,Other,0.7716249987089489,0.0
28140,Serranillos del Valle,4670,5,2,3.4212313686804037,0.44187816956402676,0.787646414584271,False,Other,-1.5787686313195963,1.4614621056536554
28141,Sevilla la Nueva,9802,6,2,8.45880091562818,-0.3036273472193397,0.5183674774164343,False,Other,2.4588009156281796,0.709320394207956
28143,Somosierra,93,2,1,0.8380083890025078,0.9825433786039667,0.9100941720096047,False,Other,-1.1619916109974922,2.3866109531202016
28144,Soto del Real,9400,16,7,11.41051184160295,0.42732132046167187,0.7621153080745091,False,Other,-4.5894881583970495,1.402215800842841
28145,Talamanca de Jarama,4607,0,0,3.081298302043608,-0.9437112956062008,0.21122989633654154,False,Other,3.081298302043608,0.0
28146,Tielmes,2964,0,0,2.092941292606119,-0.8852303846089207,0.29212342364433325,False,Other,2.092941292606119,0.0
28147,Titulcia,1389,0,0,0.7250298983645416,-0.6776640622797057,0.5643738016298799,False,Other,0.7250298983645416,0.0
28148,Torrejón de Ardoz,143526,327,50,121.13323464316744,1.8923557187877966,0.9454214567889581,False,Other,-205.86676535683256,2.699506877392253
28149,Torrejón de la Calzada,10653,8,3,9.365323951087827,-0.1532383433347797,0.5809467389758186,False,Other,1.3653239510878272,0.854214978764377
28150,Torrejón de Velasco,4900,0,0,3.9714369446954083,-0.975849247334509,0.167160020371657,False,Other,3.9714369446954083,0.0
28151,Torrelaguna,5081,0,0,3.2609534975162773,-0.9513158499405947,0.2007516469048025,True,Other,3.2609534975162773,0.0
28152,Torrelodones,25433,42,12,45.36496283652286,-0.08189527643162876,0.5915438404110696,False,Other,3.3649628365228565,0.9258246314749814
28153,Torremocha de Jarama,1157,2,1,0.7876138213004381,1.0704234745389207,0.9193602763429,True,Other,-1.2123861786995618,2.539315519752786
28154,Torres de la Alameda,7824,4,2,5.577252215365134,-0.2860209185317562,0.5400586886289909,False,Other,1.5772522153651343,0.7171990517086784
28155,Valdaracete,658,0,0,0.26210220164573306,-0.46556383044637145,0.7882093366880375,False,Other,0.26210220164573306,0.0
28156,Valdeavero,1896,0,0,1.0462339774904794,-0.7550405724242137,0.4674040594133609,False,Other,1.0462339774904794,0.0
28157,Valdelaguna,1122,0,0,0.422559013572318,-0.5621132181157749,0.6948106897560554,False,Other,0.422559013572318,0.0
28158,Valdemanco,1097,0,0,0.5864337881961337,-0.6320090244948354,0.6181494754840422,False,Other,0.5864337881961337,0.0
28159,Valdemaqueda,870,0,0,0.3415078438986779,-0.5180233471056002,0.7393424418943764,False,Other,0.3415078438986779,0.0
28160,Valdemorillo,14420,4,1,13.084139005506788,-0.7423337183591868,0.2647428741330463,False,Other,9.084139005506788,0.3057136582175181
28161,Valdemoro,85972,64,19,78.56843893309319,-0.20589414476591394,0.5372224463741582,False,Other,14.56843893309319,0.8145764491324654
28162,Valdeolmos-Alalpardo,4626,6,1,3.0416316089219793,0.9161526320472936,0.8712368482888393,False,Other,-2.9583683910780207,1.9726254758795498
28163,Valdepiélagos,612,0,0,0.28173846720832596,-0.4795899730008272,0.7755942683546193,False,Other,0.28173846720832596,0.0
28164,Valdetorres de Jarama,5175,1,1,4.1732830276759545,-0.746357256476547,0.312989553396793,False,Other,3.1732830276759545,0.2396195018090797
28165,Valdilecha,3289,0,0,1.6814051687175702,-0.8472592842915939,0.3443285266779128,False,Other,1.6814051687175702,0.0
28166,Valverde de Alcalá,565,0,0,0.2915223559988987,-0.4862982695480648,0.7694434713939451,False,Other,0.2915223559988987,0.0
28167,Velilla de San Antonio,14468,2,1,11.402543519868033,-0.8760402037720281,0.18066693707944306,False,Other,9.402543519868033,0.17539946210379795
28168,El Vellón,2281,0,0,1.1559703979796876,-0.7753602937012012,0.4408844044169855,False,Other,1.1559703979796876,0.0
28169,Venturada,2622,4,2,3.07012366881266,0.28568020895170937,0.7550761786277986,True,Other,-0.9298763311873399,1.3028791122107992
28170,Villaconejos,3569,0,0,1.8022363850015923,-0.8596518719124446,0.32735436349899466,False,Other,1.8022363850015923,0.0
28171,Villa del Prado,7743,0,0,4.745544636460131,-0.9955127268152772,0.14059211553142859,False,Other,4.745544636460131,0.0
28172,Villalbilla,18687,27,12,23.179141241628827,0.1797001996343741,0.6878252266664435,False,Other,-3.8208587583711733,1.1648403932889912
28173,Villamanrique de Tajo,859,0,0,0.30971958034318875,-0.4983186168389625,0.7582339746432359,True,Other,0.30971958034318875,0.0
28174,Villamanta,2899,0,0,2.0055631633771767,-0.8780973509841508,0.30196981737038053,False,Other,2.0055631633771767,0.0
28175,Villamantilla,1660,0,0,0.9188429278311969,-0.7280410502046847,0.5020030072319338,False,Other,0.9188429278311969,0.0
28176,Villanueva de la Cañada,24028,41,6,31.748228999067287,0.3199014849897972,0.7268986431203331,False,Other,-9.251771000932713,1.2914106169892032
28177,Villanueva del Pardillo,18466,16,6,20.91258641609429,-0.25537833503495466,0.5235707589292071,False,Other,4.912586416094289,0.7650894863815807
28178,Villanueva de Perales,1715,0,0,2.2625704244122837,-0.8979227695271422,0.2745743371908389,True,Other,2.2625704244122837,0.0
28179,Villar del Olmo,2341,0,0,1.3222838151565226,-0.802035611409477,0.4055093191825551,False,Other,1.3222838151565226,0.0
28180,Villarejo de Salvanés,8042,8,3,5.197597821959134,0.541695181950106,0.7989825340312747,False,Other,-2.8024021780408663,1.5391725704903723
28181,Villaviciosa de Odón,30127,28,8,42.252350112607786,-0.3720534520914285,0.46114225999945796,False,Other,14.252350112607786,0.6626850323207232
28182,Villavieja del Lozoya,332,0,0,0.19542521079270223,-0.411158684973736,0.8339335718116541,False,Other,0.19542521079270223,0.0
28183,Zarzalejo,1946,4,2,1.1771760835155065,1.8680558412680217,0.9600320190013063,False,Other,-2.8228239164844933,3.397962340565433
28901,Lozoyuela-Navas-Sieteiglesias,1468,10,4,2.0736003304917205,3.377926600828843,0.9908550166825132,False,Other,-7.92639966950828,4.8225300955795385
28902,Puentes Viejas,759,0,0,0.36289933299355676,-0.530453860522041,0.7271000500784177,False,Other,0.36289933299355676,0.0
28903,Tres Cantos,54592,83,20,84.0573087754664,-0.013974236653287616,0.6156499268470293,False,Other,1.057308775466396,0.9874215723668875
