name,ine_code,public_sites,public_points,private_sites,fuel_stations,area_km2,population,pts_per_10k
Navas del Rey,28099,2,8,0,2,50.76032027954047,3420.0,23.391812865497077
Estremera,28055,0,0,0,0,79.10533023031286,1473.0,0.0
Fresnedillas de la Oliva,28056,1,2,1,0,28.18374144770682,1883.0,10.621348911311737
Fresno de Torote,28057,0,0,0,0,31.66013190383698,2561.0,0.0
Cubas de la Sagra,28050,2,7,0,0,12.814539189016923,7238.0,9.671179883945841
Daganzo de Arriba,28053,2,6,0,3,43.624016313487,10764.0,5.574136008918617
Fuente el Saz de Jarama,28059,1,4,0,3,33.201634804225115,7413.0,5.395926075812762
La Cabrera,28030,4,8,0,2,22.07595294215157,2889.0,27.691242644513675
Cadalso de los Vidrios,28031,0,0,0,0,47.58343173342468,3372.0,0.0
Cenicientos,28037,2,4,1,1,67.50319159692299,2152.0,18.587360594795538
Carabaña,28035,0,0,1,0,47.49694184836691,2451.0,0.0
Cervera de Buitrago,28039,0,0,0,0,12.09651475840435,165.0,0.0
Becerril de la Sierra,28018,0,0,0,0,29.676720191739893,6737.0,0.0
Belmonte de Tajo,28019,0,0,0,0,23.85073689721336,1955.0,0.0
Anchuelo,28012,0,0,0,0,21.53084435997174,1414.0,0.0
Arganda del Rey,28014,18,60,2,14,79.95715937109958,60419.0,9.930650954170046
Arroyomolinos,28015,10,149,0,3,20.704189881145542,38075.0,39.133289560078794
El Atazar,28016,0,0,0,0,29.52304280820836,110.0,0.0
Batres,28017,0,0,0,0,21.418992045416584,1976.0,0.0
Navalcarnero,28096,20,51,0,8,100.31959264798503,33331.0,15.301071074975248
El Álamo,28004,2,4,0,3,22.16760549447463,10594.0,3.7757221068529354
Patones,28107,0,0,0,0,34.506644473408976,617.0,0.0
Paracuellos de Jarama,28104,6,25,4,3,44.024598840711676,27650.0,9.041591320072332
Orusco de Tajuña,28102,1,2,0,1,21.4884352287153,1531.0,13.063357282821686
Nuevo Baztán,28100,1,4,0,1,20.084063598392838,7429.0,5.384304751648943
Olmeda de las Fuentes,28101,0,0,0,0,16.56647158189001,429.0,0.0
Pedrezuela,28108,1,2,1,0,28.323742546279682,6606.0,3.027550711474417
Pelayos de la Presa,28109,1,1,1,2,7.411585927151697,3195.0,3.1298904538341157
,,0,0,0,0,7.411585927151697,,
Rozas de Puerto Real,28128,0,0,0,0,30.16260964981164,579.0,0.0
San Agustín del Guadalix,28129,4,8,2,1,38.25516585445254,13825.0,5.786618444846293
Robledillo de la Jara,28124,0,0,0,0,20.33289755984742,118.0,0.0
Robledo de Chavela,28125,1,2,1,1,93.00508637215148,4818.0,4.151100041511
Redueña,28121,1,2,0,0,13.041906046426478,288.0,69.44444444444444
Torrejón de la Calzada,28149,3,8,1,2,8.924720291313724,10653.0,7.509621702806721
Serranillos del Valle,28140,2,5,0,0,13.267638993453932,4670.0,10.706638115631693
Sevilla la Nueva,28141,2,6,0,2,24.99421912505507,9802.0,6.12119975515201
Tielmes,28146,0,0,0,0,26.903795372483025,2964.0,0.0
Titulcia,28147,0,0,0,0,10.042317623899539,1389.0,0.0
Soto del Real,28144,7,16,0,2,43.18393218326069,9400.0,17.02127659574468
Talamanca de Jarama,28145,0,0,0,0,39.29350931392479,4607.0,0.0
Valdemoro,28161,19,64,1,16,63.90362641304949,85972.0,7.444284185548784
Valdeolmos-Alalpardo,28162,1,6,0,0,26.682875556489122,4626.0,12.970168612191959
Valdepiélagos,28163,0,0,0,0,17.579599674221534,612.0,0.0
Valdetorres de Jarama,28164,1,1,0,1,33.495011430555046,5175.0,1.932367149758454
Valdilecha,28165,0,0,0,0,42.202630720626864,3289.0,0.0
Valverde de Alcalá,28166,0,0,0,0,13.678336383500291,565.0,0.0
Velilla de San Antonio,28167,1,2,1,1,14.35882144808148,14468.0,1.3823610727121924
El Vellón,28168,0,0,0,0,34.07822334742434,2281.0,0.0
Venturada,28169,2,4,0,0,9.770232376814308,2622.0,15.255530129672007
Zarzalejo,28183,2,4,0,0,20.57370765282159,1946.0,20.554984583761563
Villarejo de Salvanés,28180,3,8,0,4,118.55904575687809,8042.0,9.947774185525988
Navalafuente,28094,0,0,0,0,11.746006954114728,1693.0,0.0
Navalagamella,28095,3,6,0,0,75.91271630074615,3169.0,18.933417481855475
Gascones,28064,0,0,0,0,19.79169975957801,252.0,0.0
Fuentidueña de Tajo,28060,0,0,1,2,60.66074135087386,2372.0,0.0
Gargantilla del Lozoya y Pinilla de Buitrago,28063,2,4,3,0,23.779595989577057,396.0,101.01010101010102
Griñón,28066,2,4,0,3,17.290680738332743,10799.0,3.704046670988055
Corpa,28048,0,0,0,0,25.965471676738478,832.0,0.0
Cobeña,28041,1,3,0,3,20.837662036865247,7670.0,3.9113428943937416
Ajalvir,28002,3,4,1,3,19.645105899225445,4868.0,8.216926869350862
Ciempozuelos,28040,6,20,0,7,49.498153248502064,26350.0,7.590132827324478
Puentes Viejas,28902,0,0,0,0,58.51574323645758,759.0,0.0
Lozoyuela-Navas-Sieteiglesias,28901,4,10,1,2,51.448274760360235,1468.0,68.11989100817439
El Berrueco,28021,0,0,0,0,28.417612625421977,795.0,0.0
Berzosa del Lozoya,28020,1,2,0,0,14.308740516027719,242.0,82.64462809917356
Brea de Tajo,28025,1,1,0,0,44.262598101191095,577.0,17.33102253032929
Valdaracete,28155,0,0,0,0,64.06032947073251,658.0,0.0
Braojos,28024,1,2,1,0,24.762046742251986,233.0,85.83690987124463
Buitrago del Lozoya,28027,0,0,1,2,25.479082835513726,2034.0,0.0
Brunete,28026,6,16,1,2,48.82929633728287,11287.0,14.175600248073005
Cabanillas de la Sierra,28029,2,2,0,0,14.027314208481931,961.0,20.811654526534863
Valdemanco,28158,0,0,0,0,17.43994192528659,1097.0,0.0
Horcajuelo de la Sierra,28071,0,0,1,0,24.37406287119396,104.0,0.0
El Molar,28086,6,10,0,3,50.2545538336637,9999.0,10.001000100010002
Algete,28009,4,17,0,4,37.850862780759385,21144.0,8.040105940219448
Madarcos,28078,0,0,0,0,8.453467446128041,69.0,0.0
Loeches,28075,3,9,2,6,44.12235258286483,9261.0,9.718172983479105
Hoyo de Manzanares,28072,1,2,0,1,45.31977126703343,9310.0,2.1482277121374866
Horcajo de la Sierra-Aoslos,28070,1,2,0,1,20.55142329439328,219.0,91.32420091324201
Collado Mediano,28046,0,0,0,0,22.28438492167862,7722.0,0.0
Villanueva de Perales,28178,0,0,0,0,31.64118100898604,1715.0,0.0
Guadalix de la Sierra,28067,6,14,0,2,61.00356567513526,6993.0,20.02002002002002
Miraflores de la Sierra,28085,5,10,0,3,56.62106977432208,7350.0,13.605442176870747
Valdelaguna,28157,0,0,0,0,42.15073564417775,1122.0,0.0
Villaconejos,28170,0,0,0,0,33.25814571860199,3569.0,0.0
Colmenar del Arroyo,28042,1,2,0,2,50.466081451441305,2044.0,9.784735812133071
Colmenarejo,28044,1,4,0,0,31.579405860208126,9640.0,4.149377593360995
Piñuécar-Gandullas,28114,0,0,0,0,18.320549298293603,183.0,0.0
La Serna del Monte,28138,0,0,0,0,5.519543578483426,110.0,0.0
Prádena del Rincón,28117,0,0,0,0,22.46171606160062,146.0,0.0
Puebla de la Sierra,28118,1,2,0,0,57.65705181444619,98.0,204.0816326530612
Villar del Olmo,28179,0,0,0,0,27.779850429602885,2341.0,0.0
Pozuelo del Rey,28116,0,0,0,0,30.875524509335595,1302.0,0.0
Pezuela de las Torres,28111,0,0,0,0,41.39946387054657,1008.0,0.0
Torrejón de Velasco,28150,0,0,0,0,52.2063416521745,4900.0,0.0
Quijorna,28119,0,0,0,0,25.65317649117447,4044.0,0.0
Valdeavero,28156,0,0,0,0,18.83185228869076,1896.0,0.0
San Martín de Valdeiglesias,28133,4,12,1,2,115.25712740720992,9324.0,12.87001287001287
Torres de la Alameda,28154,2,4,0,2,43.48601587070059,7824.0,5.112474437627812
Mejorada del Campo,28084,5,11,2,5,17.960237912157293,25049.0,4.391392869974849
Santorcaz,28136,0,0,0,0,27.993807424210623,1011.0,0.0
Los Santos de la Humosa,28137,0,0,0,0,34.86133375643496,2867.0,0.0
Valdemaqueda,28159,0,0,0,0,51.9954585921506,870.0,0.0
Torrelaguna,28151,0,0,1,1,43.198372555533034,5081.0,0.0
Torremocha de Jarama,28153,1,2,0,0,18.663461647386452,1157.0,17.28608470181504
Villamanrique de Tajo,28173,0,0,0,0,29.30275161795666,859.0,0.0
Villa del Prado,28171,0,0,0,0,78.42161457972276,7743.0,0.0
Villanueva de la Cañada,28176,6,40,3,3,34.900107143972654,24028.0,16.6472448809722
Villanueva del Pardillo,28177,6,16,0,2,25.329721778228713,18466.0,8.664572728257337
Robregordo,28126,0,0,0,0,18.00006386872813,79.0,0.0
La Acebeda,28001,0,0,0,0,22.04038891292754,70.0,0.0
Colmenar Viejo,28045,14,40,2,11,182.42153318641326,58730.0,6.8108292184573465
Villamantilla,28175,0,0,0,0,23.908723610593448,1660.0,0.0
Chapinería,28051,1,2,0,0,25.399816187314045,2705.0,7.393715341959334
La Hiruela,28069,0,0,0,0,16.861935395016353,88.0,0.0
Montejo de la Sierra,28088,0,0,0,0,32.041378360785906,404.0,0.0
Torrelodones,28152,12,42,2,2,21.90699917796852,25433.0,16.513977902724807
Las Rozas de Madrid,28127,30,191,11,10,58.47364011652371,99037.0,19.28572149802599
San Sebastián de los Reyes,28134,40,207,6,17,58.98586441956436,96992.0,21.341966347740023
Ambite,28011,0,0,0,0,25.98467729117663,732.0,0.0
San Fernando de Henares,28130,7,12,8,12,39.12967356170221,39059.0,3.072275275864717
Parla,28106,19,49,3,14,25.03300868564364,137471.0,3.564388125495559
Villavieja del Lozoya,28182,0,0,0,0,23.44188750593614,332.0,0.0
Garganta de los Montes,28062,0,0,0,0,40.43724972326349,441.0,0.0
Canencia,28034,0,0,0,0,52.665879612787386,475.0,0.0
Bustarviejo,28028,0,0,0,0,57.274001678232146,2870.0,0.0
Aranjuez,28013,13,37,6,7,188.40775501994105,63040.0,5.869289340101523
Colmenar de Oreja,28043,0,0,0,0,126.4391042307947,9127.0,0.0
Chinchón,28052,0,0,0,0,116.09892126016699,5800.0,0.0
Casarrubuelos,28036,1,2,0,1,5.3298946750111345,4323.0,4.626416840157298
Moraleja de Enmedio,28089,3,5,0,2,31.249086370150714,5580.0,8.960573476702509
Humanes de Madrid,28073,4,8,2,11,19.65316075351344,20500.0,3.9024390243902443
Alpedrete,28010,1,2,1,3,13.048108672044275,15686.0,1.2750223128904756
Morata de Tajuña,28091,0,0,0,0,45.20847266355591,8397.0,0.0
San Martín de la Vega,28132,4,94,0,3,105.0355750371342,21010.0,44.740599714421705
Villaviciosa de Odón,28181,8,28,5,5,67.91579397665794,30127.0,9.29398878082783
Campo Real,28033,2,3,0,1,61.826500390021735,6974.0,4.301691998852882
Perales de Tajuña,28110,2,4,0,5,49.0122479324443,3260.0,12.269938650306749
Rivas-Vaciamadrid,28123,43,199,7,15,67.91715464710815,103148.0,19.292666847636404
Alameda del Valle,28003,0,0,0,0,25.245638120834503,267.0,0.0
Alcobendas,28006,65,280,34,21,45.37076931238989,123342.0,22.701107489743965
Collado Villalba,28047,33,102,3,15,25.25624897268421,67274.0,15.161875315872402
El Boalo-Cerceda-Mataelpino,28023,7,17,0,1,39.44326210040613,8770.0,19.384264538198405
Moralzarzal,28090,5,19,1,2,43.55404880626971,14772.0,12.862171676144058
El Redegüelo,,0,0,0,0,0.6507813342660225,,
Ribatejada,28122,0,0,0,0,31.834320149986198,905.0,0.0
Torrejón de Ardoz,28148,50,326,7,26,32.62214352957204,143526.0,22.713654668840487
Villalbilla,28172,12,27,0,5,34.779610918237886,18687.0,14.448547118317547
Camarma de Esteruelas,28032,0,0,0,0,35.40359574749416,8331.0,0.0
Meco,28083,3,12,0,6,35.06679448377774,15922.0,7.536741615374953
Alcalá de Henares,28005,56,260,21,31,87.38055926089406,203208.0,12.794771859375615
Manzanares el Real,28082,2,4,1,2,127.50123950634429,9648.0,4.1459369817578775
Galapagar,28061,10,27,0,10,64.9350229088334,36758.0,7.345339789977692
Tres Cantos,28903,20,83,11,7,37.968640631627686,54592.0,15.20369284876905
Pinto,28113,18,60,8,16,61.994699545712294,56651.0,10.59116343930381
Majadahonda,28080,40,232,4,11,38.37444931607788,73625.0,31.511035653650254
Boadilla del Monte,28022,40,102,5,5,47.15696922133889,66349.0,15.373253553180907
Valdemorillo,28160,1,4,2,2,93.61479165279505,14420.0,2.7739251040221915
Navacerrada,28093,1,4,2,2,27.403752800863668,3311.0,12.080942313500453
Los Baldíos,,0,0,0,0,5.10109499902562,,
Alcorcón,28007,49,275,7,29,33.741517276614296,175719.0,15.649986626375064
Cercedilla,28038,0,0,0,0,35.7227931430157,7772.0,0.0
Somosierra,28143,1,2,0,1,20.401589161487372,93.0,215.05376344086022
Leganés,28074,41,261,14,27,42.97736857273868,195734.0,13.334423247877222
Getafe,28065,44,184,15,30,78.59426980580103,193238.0,9.521936679121083
Guadarrama,28068,7,13,1,4,56.69970118400472,17547.0,7.408673847381318
Los Molinos,28087,0,0,0,0,19.51408984799531,4781.0,0.0
El Escorial,28054,5,10,1,1,68.88878555492958,17171.0,5.823772639916138
San Lorenzo de El Escorial,28131,12,35,1,8,56.446938556853866,18872.0,18.5459940652819
Pozuelo de Alarcón,28115,29,193,9,11,43.25436999746699,89770.0,21.499387323159183
Coslada,28049,21,112,6,14,12.030746978009526,80512.0,13.910969793322733
Madrid,28079,618,3662,298,248,603.8706901870241,3506730.0,10.442777174176513
Aldea del Fresno,28008,1,4,0,1,51.74037663857869,3503.0,11.418783899514702
Villamanta,28174,0,0,0,0,63.14676588607679,2899.0,0.0
Fuenlabrada,28058,38,138,6,23,39.026080752083175,190076.0,7.260253793219554
Móstoles,28092,35,110,9,21,45.08567266175563,214817.0,5.120637565928209
Rascafría,28120,0,0,0,0,149.4615185047754,1704.0,0.0
Navarredonda y San Mamés,28097,0,0,0,0,28.112559638115634,163.0,0.0
Pinilla del Valle,28112,0,0,0,0,25.48024892633997,200.0,0.0
Lozoya,28076,0,0,0,0,58.12302416621727,598.0,0.0
