ine_code,name,population,score,rank,top20_in_scenarios,ev_resident_est,public_points,evs_per_public_point,fleet_domicile_flag,best_charger,best_breakeven_sessions_day_base,best_breakeven_sessions_day_high,best_breakeven_sessions_day_low,best_breakeven_util_base,best_breakeven_util_high,best_breakeven_util_low,best_demand_capped_base,best_demand_capped_high,best_demand_capped_low,best_ebitda_base,best_ebitda_high,best_ebitda_low,best_energy_mwh_base,best_energy_mwh_high,best_energy_mwh_low,best_margin_base,best_margin_high,best_margin_low,best_payback_years_base,best_payback_years_high,best_payback_years_low,best_revenue_base,best_revenue_high,best_revenue_low,best_utilization_base,best_utilization_high,best_utilization_low,best_mc_p10,best_mc_p50,best_mc_p90,best_p_profitable,best_util_gap_base,best_margin_per_eur_capex_base,dc150_breakeven_sessions_day_base,dc150_breakeven_sessions_day_high,dc150_breakeven_sessions_day_low,dc150_breakeven_util_base,dc150_breakeven_util_high,dc150_breakeven_util_low,dc150_demand_capped_base,dc150_demand_capped_high,dc150_demand_capped_low,dc150_ebitda_base,dc150_ebitda_high,dc150_ebitda_low,dc150_energy_mwh_base,dc150_energy_mwh_high,dc150_energy_mwh_low,dc150_margin_base,dc150_margin_high,dc150_margin_low,dc150_payback_years_base,dc150_payback_years_high,dc150_payback_years_low,dc150_revenue_base,dc150_revenue_high,dc150_revenue_low,dc150_utilization_base,dc150_utilization_high,dc150_utilization_low,dc150_mc_p10,dc150_mc_p50,dc150_mc_p90,dc150_p_profitable,dc150_util_gap_base,dc150_margin_per_eur_capex_base
28130,San Fernando de Henares,39059,100.0,1.0,5,2344.0,12,180.30769230769232,False,DC150,8.071599236254581,2.219468749625784,22.395560321393873,0.12011308387283604,0.027199371931688532,0.4241583394203385,False,False,False,9572.524541104827,56629.35444976076,-9696.863157894739,64.38600000000001,143.3355,24.09,-3383.8099514421015,81616.11399697761,-37813.465794116724,8.533110093571878,0.9888864272623998,inf,31394.826446280993,81736.77272727272,10352.727272727274,0.10500000000000001,0.1925,0.05,-9912.534223104232,-1958.6207170084713,7563.328415331836,0.38825,0.015113083872836025,-0.03076190864947365,8.071599236254581,2.219468749625784,22.395560321393873,0.12011308387283604,0.027199371931688532,0.4241583394203385,False,False,False,9572.524541104827,56629.35444976076,-9696.863157894739,64.38600000000001,143.3355,24.09,-3383.8099514421015,81616.11399697761,-37813.465794116724,8.533110093571878,0.9888864272623998,inf,31394.826446280993,81736.77272727272,10352.727272727274,0.10500000000000001,0.1925,0.05,-9912.534223104232,-1958.6207170084713,7563.328415331836,0.38825,0.015113083872836025,-0.03076190864947365
28022,Boadilla del Monte,66349,95.81141587637472,2.0,5,11099.0,102,107.75728155339806,False,DC150,8.071599236254581,2.219468749625784,22.395560321393873,0.12011308387283604,0.027199371931688532,0.4241583394203385,False,False,False,9012.021490345156,54353.899382784584,-9781.52511290013,62.58809215077508,138.1894474315552,23.686388033847468,-4040.2848927223163,78203.77165158463,-37898.12774912212,8.877080659228994,1.0277859414793176,inf,30518.1606355019,78802.24688245711,10179.2741963642,0.1020679911134623,0.1855888361960183,0.04916228317527494,-10340.866061948414,-2619.58155484249,6598.89367386434,0.349,0.01804509275937373,-0.036729862661111966,8.071599236254581,2.219468749625784,22.395560321393873,0.12011308387283604,0.027199371931688532,0.4241583394203385,False,False,False,9012.021490345156,54353.899382784584,-9781.52511290013,62.58809215077508,138.1894474315552,23.686388033847468,-4040.2848927223163,78203.77165158463,-37898.12774912212,8.877080659228994,1.0277859414793176,inf,30518.1606355019,78802.24688245711,10179.2741963642,0.1020679911134623,0.1855888361960183,0.04916228317527494,-10340.866061948414,-2619.58155484249,6598.89367386434,0.349,0.01804509275937373,-0.036729862661111966
28115,Pozuelo de Alarcón,89770,90.4347296279628,3.0,5,8964.0,193,46.20618556701031,False,DC150,8.071599236254581,2.219468749625784,22.395560321393873,0.12011308387283604,0.027199371931688532,0.4241583394203385,False,False,False,8292.530379204694,51433.005924185265,-9890.201638381295,60.28020334550675,131.58370447361884,23.168290546950495,-4882.97055571274,73823.51005916174,-38006.80427460328,9.346050314156244,1.0814260246079395,inf,29392.82642466858,75035.33560892312,9956.620730920875,0.09830431073957396,0.17671730388613863,0.04808694592559256,-10894.196200974884,-3478.30668692483,5458.53561332145,0.30075,0.02180877313326207,-0.044390641415570364,8.071599236254581,2.219468749625784,22.395560321393873,0.12011308387283604,0.027199371931688532,0.4241583394203385,False,False,False,8292.530379204694,51433.005924185265,-9890.201638381295,60.28020334550675,131.58370447361884,23.168290546950495,-4882.97055571274,73823.51005916174,-38006.80427460328,9.346050314156244,1.0814260246079395,inf,29392.82642466858,75035.33560892312,9956.620730920875,0.09830431073957396,0.17671730388613863,0.04808694592559256,-10894.196200974884,-3478.30668692483,5458.53561332145,0.30075,0.02180877313326207,-0.044390641415570364
28010,Alpedrete,15686,86.7721858326321,4.0,5,417.0,2,139.0,False,DC50,4.2367906294941955,1.192687154921629,12.415573462248426,0.12259232145527185,0.02958053459627056,0.43109630077251476,False,False,False,2805.721236554009,19534.07618204106,-4773.131243538486,30.19273356692521,62.794417309044306,12.444746087363145,-2564.074538912689,28245.89536136494,-16019.77229802728,inf,1.1341925528382337,inf,12975.389632067032,30618.765464740613,4628.211354804475,0.0957405300828425,0.17067410662384297,0.047354437166526424,-5047.663687133301,-2026.6551041624678,1309.443845188508,0.213,0.02685179137242935,-0.05697943419805976,8.071599236254581,2.219468749625784,22.395560321393873,0.12011308387283604,0.027199371931688532,0.4241583394203385,True,True,True,5750.1217920835115,47459.753318834264,-10901.30947368421,52.125,122.59799999999998,18.348,-7860.701944825769,67865.09835024607,-39017.912109906196,inf,1.1648806607349416,inf,25416.322314049587,69911.2561983471,7885.090909090909,0.08500489236790607,0.16464947622884768,0.038082191780821915,-13880.595521714686,-7740.003906254219,-786.6729822157831,0.075,0.03510819150492997,-0.07146092677114335
28181,Villaviciosa de Odón,30127,78.63179349910764,5.0,5,1295.0,28,44.6551724137931,False,DC150,8.071599236254581,2.219468749625784,22.395560321393873,0.12011308387283604,0.027199371931688532,0.4241583394203385,False,False,False,6713.098878514444,45021.04187454014,-10128.769043972226,55.213911041556976,117.08273517506866,22.030959621574013,-6732.839526571077,64207.93172439924,-38245.371680194214,inf,1.2233187455602603,inf,26922.485549188936,66766.18782710527,9467.850415883047,0.09004225544937537,0.15724245927352762,0.04572635869982153,-12249.7421950511,-5301.805314263545,2888.721591027685,0.1995,0.030070828423460663,-0.06120763205973706,8.071599236254581,2.219468749625784,22.395560321393873,0.12011308387283604,0.027199371931688532,0.4241583394203385,False,False,False,6713.098878514444,45021.04187454014,-10128.769043972226,55.213911041556976,117.08273517506866,22.030959621574013,-6732.839526571077,64207.93172439924,-38245.371680194214,inf,1.2233187455602603,inf,26922.485549188936,66766.18782710527,9467.850415883047,0.09004225544937537,0.15724245927352762,0.04572635869982153,-12249.7421950511,-5301.805314263545,2888.721591027685,0.1995,0.030070828423460663,-0.06120763205973706
28073,Humanes de Madrid,20500,78.17072164592727,6.0,5,398.0,8,44.22222222222222,False,DC50,4.2367906294941955,1.192687154921629,12.415573462248426,0.12259232145527185,0.02958053459627056,0.43109630077251476,False,False,False,2314.827336899727,17639.46491585064,-4844.946966955167,28.293943144781736,57.57274364814978,11.992653129709938,-3139.0215325349172,25404.678083332044,-16091.58802144396,inf,1.246524169819541,inf,12159.380525030168,28072.66012595733,4460.077610222705,0.08971950515214909,0.15648169071578,0.04563414432918545,-5446.036070293007,-2581.0566464287176,594.0719856613854,0.14975,0.03287281630312276,-0.06975603405633149,8.071599236254581,2.219468749625784,22.395560321393873,0.12011308387283604,0.027199371931688532,0.4241583394203385,True,False,True,5009.708568943019,44770.563848172766,-11076.669473684211,49.75000000000001,116.51626690696979,17.512000000000004,-8727.892099322647,63832.30717862446,-39193.272109906204,inf,1.2296774146966225,inf,24258.26446280992,66443.16046761087,7525.818181818184,0.08113176777560341,0.15648169071578,0.036347031963470326,-14597.610810224205,-8645.495792437654,-2063.4398090685804,0.0435,0.03898131609723263,-0.07934447363020589
28079,Madrid,3506730,78.05508289650629,7.0,5,87717.0,3664,23.93369713506139,False,DC150,8.071599236254581,2.219468749625784,22.395560321393873,0.12011308387283604,0.027199371931688532,0.4241583394203385,False,False,False,6635.9252936889025,44707.74291142123,-10140.425834345177,54.96636378249636,116.37419429581867,21.975387787907344,-6823.227124815308,63738.09897132315,-38257.02847056716,inf,1.2312832476733617,inf,26801.780687332935,66362.1438546404,9443.968305546958,0.0896385580275544,0.1562908867792354,0.04561101657930126,-12321.637790355939,-5386.093916734345,2781.5435055955913,0.19325,0.03047452584528164,-0.062029337498320986,8.071599236254581,2.219468749625784,22.395560321393873,0.12011308387283604,0.027199371931688532,0.4241583394203385,False,False,False,6635.9252936889025,44707.74291142123,-10140.425834345177,54.96636378249636,116.37419429581867,21.975387787907344,-6823.227124815308,63738.09897132315,-38257.02847056716,inf,1.2312832476733617,inf,26801.780687332935,66362.1438546404,9443.968305546958,0.0896385580275544,0.1562908867792354,0.04561101657930126,-12321.637790355939,-5386.093916734345,2781.5435055955913,0.19325,0.03047452584528164,-0.062029337498320986
28104,Paracuellos de Jarama,27650,77.2702978845739,8.0,5,1282.0,25,49.30769230769231,False,DC150,8.071599236254581,2.219468749625784,22.395560321393873,0.12011308387283604,0.027199371931688532,0.4241583394203385,False,False,False,6530.907850945543,44281.40719052303,-10156.28833857289,54.62950266397451,115.41001527800863,21.89976590415754,-6946.22613341108,63098.75282255131,-38272.89097479488,inf,1.2423003111871869,inf,26637.526092351207,65812.32276183963,9411.469644761917,0.08908920851920175,0.15499599150954693,0.04545405957691478,-12395.465102890752,-5501.259820433391,2602.160413507352,0.1875,0.03102387535363428,-0.0631475103037371,8.071599236254581,2.219468749625784,22.395560321393873,0.12011308387283604,0.027199371931688532,0.4241583394203385,False,False,False,6530.907850945543,44281.40719052303,-10156.28833857289,54.62950266397451,115.41001527800863,21.89976590415754,-6946.22613341108,63098.75282255131,-38272.89097479488,inf,1.2423003111871869,inf,26637.526092351207,65812.32276183963,9411.469644761917,0.08908920851920175,0.15499599150954693,0.04545405957691478,-12395.465102890752,-5501.259820433391,2602.160413507352,0.1875,0.03102387535363428,-0.0631475103037371
28061,Galapagar,36758,77.12936569408606,9.0,5,1168.0,27,41.71428571428572,False,DC150,8.071599236254581,2.219468749625784,22.395560321393873,0.12011308387283604,0.027199371931688532,0.4241583394203385,False,False,False,6512.0487519308845,44204.84555120038,-10159.136937148858,54.569008930529506,115.23686739809719,21.88618567828214,-6968.314373433085,62983.93863540914,-38275.73957337084,inf,1.2443010185984378,inf,26608.029147944137,65713.58554106369,9405.633514633646,0.08899055598586025,0.154763453395242,0.04542587313881722,-12412.712976040593,-5521.941386506953,2568.4860214905516,0.187,0.03112252788697578,-0.06334831248575531,8.071599236254581,2.219468749625784,22.395560321393873,0.12011308387283604,0.027199371931688532,0.4241583394203385,False,False,False,6512.0487519308845,44204.84555120038,-10159.136937148858,54.569008930529506,115.23686739809719,21.88618567828214,-6968.314373433085,62983.93863540914,-38275.73957337084,inf,1.2443010185984378,inf,26608.029147944137,65713.58554106369,9405.633514633646,0.08899055598586025,0.154763453395242,0.04542587313881722,-12412.712976040593,-5521.941386506953,2568.4860214905516,0.187,0.03112252788697578,-0.06334831248575531
28106,Parla,137471,76.34670719265593,10.0,5,1243.0,49,24.86,False,DC150,8.071599236254581,2.219468749625784,22.395560321393873,0.12011308387283604,0.027199371931688532,0.4241583394203385,False,False,False,6407.3158720824795,43779.6650605553,-10174.956459182311,54.23306059537563,114.27530098982514,21.810768705084328,-7090.980094976268,62346.324905426256,-38291.55909540431,inf,1.2555377265942755,inf,26444.2196291501,65165.25428345401,9373.222914581695,0.08844269503485915,0.15347206686788228,0.04526934143853119,-12489.571206068103,-5632.843061245947,2406.1717675504883,0.1815,0.03167038883797689,-0.06446345540887517,8.071599236254581,2.219468749625784,22.395560321393873,0.12011308387283604,0.027199371931688532,0.4241583394203385,False,False,False,6407.3158720824795,43779.6650605553,-10174.956459182311,54.23306059537563,114.27530098982514,21.810768705084328,-7090.980094976268,62346.324905426256,-38291.55909540431,inf,1.2555377265942755,inf,26444.2196291501,65165.25428345401,9373.222914581695,0.08844269503485915,0.15347206686788228,0.04526934143853119,-12489.571206068103,-5632.843061245947,2406.1717675504883,0.1815,0.03167038883797689,-0.06446345540887517
28045,Colmenar Viejo,58730,74.53818032765108,11.0,5,1500.0,40,36.58536585365854,False,DC150,8.071599236254581,2.219468749625784,22.395560321393873,0.12011308387283604,0.027199371931688532,0.4241583394203385,False,False,False,6165.304539542096,42797.17993019195,-10211.511394108285,53.45676852384095,112.05336296874884,21.636499056372458,-7374.429712428418,60872.96001120621,-38328.114030330275,inf,1.2823471047694217,inf,26065.697048815007,63898.19871771628,9298.33017298651,0.08717672622935575,0.15048799754062428,0.044907636065530214,-12700.244998753382,-5886.23458799566,2022.9838858074665,0.1665,0.03293635764348028,-0.06704027011298562,8.071599236254581,2.219468749625784,22.395560321393873,0.12011308387283604,0.027199371931688532,0.4241583394203385,False,False,False,6165.304539542096,42797.17993019195,-10211.511394108285,53.45676852384095,112.05336296874884,21.636499056372458,-7374.429712428418,60872.96001120621,-38328.114030330275,inf,1.2823471047694217,inf,26065.697048815007,63898.19871771628,9298.33017298651,0.08717672622935575,0.15048799754062428,0.044907636065530214,-12700.244998753382,-5886.23458799566,2022.9838858074665,0.1665,0.03293635764348028,-0.06704027011298562
28092,Móstoles,214817,73.15313409892484,12.0,4,2219.0,110,19.99099099099099,False,DC150,8.071599236254581,2.219468749625784,22.395560321393873,0.12011308387283604,0.027199371931688532,0.4241583394203385,False,False,False,5979.962043430951,42044.75133710843,-10239.506706613867,52.86225128062251,110.35170902259806,21.503036001772397,-7591.5073966379605,59744.59497015296,-38356.10934283586,inf,1.3037161138239863,inf,25775.808475675436,62927.834070737736,9240.974149522022,0.0862071938692474,0.14820267126322598,0.04463062681978497,-12872.55048181409,-6104.692516427578,1738.8760420035571,0.157,0.03390589000358864,-0.06901370360579964,8.071599236254581,2.219468749625784,22.395560321393873,0.12011308387283604,0.027199371931688532,0.4241583394203385,False,False,False,5979.962043430951,42044.75133710843,-10239.506706613867,52.86225128062251,110.35170902259806,21.503036001772397,-7591.5073966379605,59744.59497015296,-38356.10934283586,inf,1.3037161138239863,inf,25775.808475675436,62927.834070737736,9240.974149522022,0.0862071938692474,0.14820267126322598,0.04463062681978497,-12872.55048181409,-6104.692516427578,1738.8760420035571,0.157,0.03390589000358864,-0.06901370360579964
28161,Valdemoro,85972,71.16374476901738,13.0,4,1741.0,64,26.784615384615385,False,DC150,8.071599236254581,2.219468749625784,22.395560321393873,0.12011308387283604,0.027199371931688532,0.4241583394203385,False,False,False,5713.748269121752,40964.01238157607,-10279.717332678852,52.008325804653026,107.90756518576708,21.311338445942518,-7903.303508399977,58123.885620273504,-38396.31996890085,inf,1.3357661248429027,inf,25359.431590698583,61534.06609766884,9158.591728834801,0.08481462133831218,0.1449201788688787,0.04423274895380348,-13102.541511159568,-6436.033582295568,1314.7936770459257,0.14375,0.03529846253452386,-0.07184821371272707,8.071599236254581,2.219468749625784,22.395560321393873,0.12011308387283604,0.027199371931688532,0.4241583394203385,False,False,False,5713.748269121752,40964.01238157607,-10279.717332678852,52.008325804653026,107.90756518576708,21.311338445942518,-7903.303508399977,58123.885620273504,-38396.31996890085,inf,1.3357661248429027,inf,25359.431590698583,61534.06609766884,9158.591728834801,0.08481462133831218,0.1449201788688787,0.04423274895380348,-13102.541511159568,-6436.033582295568,1314.7936770459257,0.14375,0.03529846253452386,-0.07184821371272707
28009,Algete,21144,70.90363591041809,14.0,5,747.0,17,41.5,False,DC150,8.071599236254581,2.219468749625784,22.395560321393873,0.12011308387283604,0.027199371931688532,0.4241583394203385,False,False,False,5678.941326137798,40822.707825478734,-10284.974795304239,51.89667667818786,107.58799804318056,21.286274356327887,-7944.070255022616,57911.98096552299,-38401.57743152623,inf,1.3400805283403303,inf,25304.991107546146,61351.83359487156,9147.820384537605,0.08463254513729267,0.14449099925218983,0.044180727182083615,-13133.356587991111,-6567.4046122379605,922.3293069566189,0.13225,0.03548053873554337,-0.0722188205002056,8.071599236254581,2.219468749625784,22.395560321393873,0.12011308387283604,0.027199371931688532,0.4241583394203385,False,False,False,5678.941326137798,40822.707825478734,-10284.974795304239,51.89667667818786,107.58799804318056,21.286274356327887,-7944.070255022616,57911.98096552299,-38401.57743152623,inf,1.3400805283403303,inf,25304.991107546146,61351.83359487156,9147.820384537605,0.08463254513729267,0.14449099925218983,0.044180727182083615,-13133.356587991111,-6567.4046122379605,922.3293069566189,0.13225,0.03548053873554337,-0.0722188205002056
28066,Griñón,10799,69.87634172333146,15.0,3,319.0,4,63.8,False,DC50,4.2367906294941955,1.192687154921629,12.415573462248426,0.12259232145527185,0.02958053459627056,0.43109630077251476,False,False,False,1841.4590338949047,15812.493913436472,-4914.198768916365,26.46294218810887,52.53749101729938,11.556700520978302,-3693.4421168614936,22664.896223509357,-16160.83982340516,inf,1.3799572362917427,inf,11372.504080840175,25617.454297691434,4297.946474743997,0.08391343920633203,0.1427959638434969,0.04397526834466629,-5884.343147905201,-3190.795652224102,-249.37589095668986,0.083,0.038678882248939825,-0.08207649148581096,8.071599236254581,2.219468749625784,22.395560321393873,0.12011308387283604,0.027199371931688532,0.4241583394203385,True,True,True,1931.1483253588503,34719.81129186602,-11805.797894736843,39.875,93.786,14.036,-12333.577478546506,48759.889775749216,-39922.400530958825,inf,1.5594544011088436,inf,19443.181818181816,53481.27272727273,6032.0,0.06502772341813438,0.12595487510072523,0.0291324200913242,-16642.85779278135,-11221.888632723363,-5277.486390957889,0.00925,0.05508536045470165,-0.11212343162315005
28041,Cobeña,7670,69.27991345282717,16.0,3,305.0,3,76.25,False,DC50,4.2367906294941955,1.192687154921629,12.415573462248426,0.12259232145527185,0.02958053459627056,0.43109630077251476,False,False,False,1807.4202943016553,15681.12096387301,-4919.178494086718,26.331279454538507,52.17541849998088,11.525352251080596,-3733.3091248027413,22467.885311125,-16165.819548575515,inf,1.390732215122019,inf,11315.921749057872,25440.90654131299,4286.288027261379,0.08349593941697903,0.14181185719716483,0.04385598269056543,-5923.3829252026235,-3264.203856391474,-380.8313016902672,0.079,0.039096382038292826,-0.08296242499561647,8.071599236254581,2.219468749625784,22.395560321393873,0.12011308387283604,0.027199371931688532,0.4241583394203385,True,True,True,1385.5806872553258,32899.8195737277,-11935.01052631579,38.125,89.67,13.42,-12972.55969764947,46030.57426510679,-40051.613162537775,inf,1.6403943561143295,inf,18589.87603305785,51134.13223140496,5767.272727272727,0.062173842139595564,0.12042707493956487,0.027853881278538814,-17086.73476529197,-11703.369015500364,-5875.847248137889,0.006,0.05793924173324047,-0.11793236088772246
28167,Velilla de San Antonio,14468,68.46264861241619,17.0,2,360.0,2,120.0,False,DC50,4.2367906294941955,1.192687154921629,12.415573462248426,0.12259232145527185,0.02958053459627056,0.43109630077251476,False,False,False,1760.7781975781936,15501.105196732191,-4926.002037667572,26.150866606488105,51.67928316784227,11.482396811068595,-3787.937494204516,22197.92813466038,-16172.643092156371,inf,1.4057888499197675,inf,11238.388954854392,25198.989313245405,4270.312863620552,0.08292385402869135,0.14046337021048672,0.043692529722483234,-5917.049839904276,-3211.7569835544255,-288.2464092328466,0.083,0.039668467426580506,-0.08417638876010036,8.071599236254581,2.219468749625784,22.395560321393873,0.12011308387283604,0.027199371931688532,0.4241583394203385,True,False,True,3528.882122662024,39496.6375469008,-11427.389473684212,45.0,104.58902545872841,15.84,-10462.2724083164,55923.36522433334,-39543.992109906205,inf,1.3820543950065398,inf,21942.14876033058,59641.67567481207,6807.272727272727,0.07338551859099804,0.14046337021048672,0.03287671232876712,-15745.614675928176,-10104.840621895202,-3896.023018644924,0.0175,0.046727565281837996,-0.0951115673483309
28053,Daganzo de Arriba,10764,68.23180281944722,18.0,3,449.0,6,64.14285714285714,False,DC50,4.2367906294941955,1.192687154921629,12.415573462248426,0.12259232145527185,0.02958053459627056,0.43109630077251476,False,False,False,1747.6036043845743,15450.257686283021,-4927.929425523862,26.099906935998618,51.53914407399619,11.470263556190144,-3803.3679013743767,22121.675645397157,-16174.570480012657,inf,1.4101043420979775,inf,11216.48893117296,25130.657027816324,4265.800496103773,0.08276226197361307,0.14008247465208792,0.04364636056388944,-5923.007965822749,-3198.2539541313104,-186.33602897339122,0.09,0.03983005948165878,-0.08451928669720837,8.071599236254581,2.219468749625784,22.395560321393873,0.12011308387283604,0.027199371931688532,0.4241583394203385,False,False,True,5321.4050908828085,39371.23019830809,-10605.966315789474,50.749819042219535,104.30541062594467,19.756000000000004,-8362.825476294744,55735.30051049347,-38722.56895201146,inf,1.3861683975904515,inf,24745.779532983077,59479.9449023982,8490.18181818182,0.08276226197361307,0.14008247465208792,0.04100456621004567,-14296.676380932502,-8363.448548867476,-1768.631851061968,0.0495,0.037350821899222966,-0.07602568614813403
28084,Mejorada del Campo,25049,67.00512690991114,19.0,4,389.0,11,32.416666666666664,False,DC50,4.2367906294941955,1.192687154921629,12.415573462248426,0.12259232145527185,0.02958053459627056,0.43109630077251476,False,False,False,1677.5960210506937,15180.062525584246,-4938.171242024978,25.82911577561671,50.79446838294594,11.40578947038493,-3885.362502645488,21716.48267905222,-16184.812296513772,inf,1.4335135579950153,inf,11100.115870512966,24767.5506991224,4241.822530308445,0.08190358883693781,0.1380584594013534,0.043401025381982226,-5982.277246378815,-3287.392923179237,-341.5151315341975,0.0815,0.04068873261833404,-0.08634138894767751,8.071599236254581,2.219468749625784,22.395560321393873,0.12011308387283604,0.027199371931688532,0.4241583394203385,True,False,True,4658.986515876468,38704.836536032635,-11159.734736842105,48.62500000000001,102.79832887024774,17.116000000000003,-9138.666383031692,54735.956095617425,-39276.33737306409,inf,1.4084710372327642,inf,23709.710743801657,58620.53464501731,7355.636363636366,0.07929712981082845,0.1380584594013534,0.03552511415525115,-15264.928089118665,-9502.5694997817,-3262.290957521719,0.026,0.04081595406200758,-0.08307878530028812
28065,Getafe,193238,65.65752378605262,20.0,4,3726.0,184,20.14054054054054,False,DC150,8.071599236254581,2.219468749625784,22.395560321393873,0.12011308387283604,0.027199371931688532,0.4241583394203385,False,False,False,4976.923230393048,37972.74896993577,-10391.012085118022,49.644835509925244,101.14267714830639,20.780758992024033,-8766.291093173393,53638.09508373299,-38507.61472134001,inf,1.4338629172288957,inf,24206.98590979826,57676.402671348274,8930.574112274791,0.08096026665023687,0.13583491424698682,0.043131504757210525,-13729.81349727751,-7285.01657694871,135.655171645763,0.105,0.03915281722259917,-0.07969355539248539,8.071599236254581,2.219468749625784,22.395560321393873,0.12011308387283604,0.027199371931688532,0.4241583394203385,False,False,False,4976.923230393048,37972.74896993577,-10391.012085118022,49.644835509925244,101.14267714830639,20.780758992024033,-8766.291093173393,53638.09508373299,-38507.61472134001,inf,1.4338629172288957,inf,24206.98590979826,57676.402671348274,8930.574112274791,0.08096026665023687,0.13583491424698682,0.043131504757210525,-13729.81349727751,-7285.01657694871,135.655171645763,0.105,0.03915281722259917,-0.07969355539248539
28160,Valdemorillo,14420,65.47126595890732,21.0,1,583.0,4,116.6,False,DC50,4.2367906294941955,1.192687154921629,12.415573462248426,0.12259232145527185,0.02958053459627056,0.43109630077251476,False,False,False,1590.057089605798,14842.204903269983,-4950.977821396336,25.490512902960717,49.86331048314195,11.325169738800168,-3987.8902494652993,21209.821005935202,-16197.618875885133,inf,1.4639649699776633,inf,10954.600586396342,24313.515028970043,4211.839985504195,0.08082988617123514,0.1355275888321971,0.043094253191781465,-6055.96176063319,-3365.9504270228126,-422.194867387265,0.07975,0.04176243528403671,-0.0886197833214511,8.071599236254581,2.219468749625784,22.395560321393873,0.12011308387283604,0.027199371931688532,0.4241583394203385,False,False,False,4951.998798350733,37871.56410554419,-10394.776830271934,49.56488620020139,100.91384264445395,20.76281118780031,-8795.483200226588,53486.35515158171,-38511.37946649393,inf,1.437448646737272,inf,24168.00236208167,57545.91026832498,8922.861006327406,0.08082988617123514,0.1355275888321971,0.043094253191781465,-13865.545851491483,-7699.129025986727,-610.4110186420688,0.07875,0.039283197701600894,-0.07995893818387807
28177,Villanueva del Pardillo,18466,62.59928803343476,22.0,1,735.0,16,43.23529411764706,False,DC150,8.071599236254581,2.219468749625784,22.395560321393873,0.12011308387283604,0.027199371931688532,0.4241583394203385,False,False,False,4567.679815746998,36311.3574748835,-10452.82682013161,48.33211839547153,97.38535928499763,20.486067394901777,-9245.607033086575,51146.621341570106,-38569.429456353595,inf,1.495233694457793,inf,23566.90070522992,55533.79992284989,8803.929789544565,0.07881950162340433,0.13078882525516738,0.04251985760668696,-14065.16839647236,-7839.919614153794,-718.3766409166649,0.07775,0.04129358224943171,-0.08405097302805978,8.071599236254581,2.219468749625784,22.395560321393873,0.12011308387283604,0.027199371931688532,0.4241583394203385,False,False,False,4567.679815746998,36311.3574748835,-10452.82682013161,48.33211839547153,97.38535928499763,20.486067394901777,-9245.607033086575,51146.621341570106,-38569.429456353595,inf,1.495233694457793,inf,23566.90070522992,55533.79992284989,8803.929789544565,0.07881950162340433,0.13078882525516738,0.04251985760668696,-14065.16839647236,-7839.919614153794,-718.3766409166649,0.07775,0.04129358224943171,-0.08405097302805978
28046,Collado Mediano,7722,62.47919535063274,23.0,1,259.2721180473879,0,259.2721180473879,True,DC50,4.2367906294941955,1.192687154921629,12.415573462248426,0.12259232145527185,0.02958053459627056,0.43109630077251476,False,False,False,1419.2967193879967,14183.153076670922,-4975.959349027315,24.83000733204288,48.046920163117925,11.167906507629256,-4187.8889896323435,20221.48663346125,-16222.600403516106,inf,1.5274714090373376,inf,10670.746952613468,23427.837104330225,4153.35365986212,0.07873543674544292,0.13059067232854404,0.042495839070126544,-6345.686532526084,-3859.084753295516,-1105.0707195876323,0.0465,0.04385688470982893,-0.09306419976960763,8.071599236254581,2.219468749625784,22.395560321393873,0.12011308387283604,0.027199371931688532,0.4241583394203385,True,True,True,-396.3944950563382,26955.221970744788,-12357.05480943211,32.40901475592349,76.22600270593205,11.407973194085068,-15059.652803717925,37115.87301638613,-40473.6574456541,inf,1.9795336209158165,inf,15802.742732227154,43467.72055131662,4902.600050350608,0.05285227455303895,0.1023717468519098,0.023677818999761454,-18663.815365216942,-13521.785712621066,-8208.635018524423,0.001,0.06726080931979708,-0.13690593457925387
28083,Meco,15922,61.63319220793326,24.0,1,392.0,12,30.153846153846157,False,DC50,4.2367906294941955,1.192687154921629,12.415573462248426,0.12259232145527185,0.02958053459627056,0.43109630077251476,False,False,False,1371.0144998931528,13996.807234777112,-4983.02283570667,24.643250446285684,47.533338727285624,11.123440582448973,-4244.438311112033,19942.036682367656,-16229.66389019546,inf,1.5464939647790752,inf,10590.48779509798,23177.41309842853,4136.816745538875,0.07814323454555329,0.1291947671430899,0.042326638441586656,-6258.791793638127,-3626.1556739863236,-789.5043817503913,0.06125,0.04444908690971856,-0.09432085135804519,8.071599236254581,2.219468749625784,22.395560321393873,0.12011308387283604,0.027199371931688532,0.4241583394203385,False,False,True,4438.399934637417,35786.52436268155,-11132.046315789474,47.91743142333328,96.19842361474473,17.248,-9397.022805480856,50359.565477878175,-39248.648952011456,inf,1.5157887528328193,inf,23364.69796674928,54856.95230923459,7412.363636363637,0.07814323454555329,0.1291947671430899,0.035799086757990865,-15503.081853889758,-9797.958075533816,-3682.532491152129,0.023,0.041969849327282746,-0.08542748004982596
28129,San Agustín del Guadalix,13825,60.83653852464982,25.0,0,445.0,8,49.44444444444444,False,DC50,4.2367906294941955,1.192687154921629,12.415573462248426,0.12259232145527185,0.02958053459627056,0.43109630077251476,False,False,False,1325.5487018880376,13821.331407541336,-4989.674291707149,24.467387552393497,47.04971576908211,11.081568464855597,-4297.688970560208,19678.88773930142,-16236.315346195946,inf,1.5648677930197041,inf,10514.910353094727,22941.596945254914,4121.244470400842,0.07758557696725488,0.12788028856567218,0.04216730770492997,-6296.3711667634525,-3666.734440741564,-825.2818010403874,0.05925,0.045006744488016975,-0.0955041993457824,8.071599236254581,2.219468749625784,22.395560321393873,0.12011308387283604,0.027199371931688532,0.4241583394203385,False,False,True,4331.794263914295,35353.740966968435,-10642.884210526317,47.575475796320696,95.21966286599951,19.58,-9521.881985699849,49710.55019781055,-38759.48684674832,inf,1.533191404759643,inf,23197.959272586122,54298.816014495584,8414.545454545454,0.07758557696725488,0.12788028856567218,0.040639269406392696,-14908.369593630903,-9184.65147617404,-2758.915624800617,0.033,0.04252750690558116,-0.08656256350636227
28152,Torrelodones,25433,59.35615765819294,26.0,2,1463.0,42,34.02325581395349,False,DC150,8.071599236254581,2.219468749625784,22.395560321393873,0.12011308387283604,0.027199371931688532,0.4241583394203385,False,False,False,4133.694388766709,34549.52167849003,-10518.37874646315,46.94003711320274,93.40088173727925,20.173559351943474,-9753.90142560989,48504.51823836452,-38634.98138268513,inf,1.566671185518266,inf,22888.117270074064,53261.65983365511,8669.628812405459,0.07654931036073506,0.12543766013601834,0.04187123153163859,-14440.330390407184,-8287.496151567184,-1192.934452520895,0.066,0.04356377351210097,-0.0886718311419081,8.071599236254581,2.219468749625784,22.395560321393873,0.12011308387283604,0.027199371931688532,0.4241583394203385,False,False,False,4133.694388766709,34549.52167849003,-10518.37874646315,46.94003711320274,93.40088173727925,20.173559351943474,-9753.90142560989,48504.51823836452,-38634.98138268513,inf,1.566671185518266,inf,22888.117270074064,53261.65983365511,8669.628812405459,0.07654931036073506,0.12543766013601834,0.04187123153163859,-14440.330390407184,-8287.496151567184,-1192.934452520895,0.066,0.04356377351210097,-0.0886718311419081
28072,Hoyo de Manzanares,9310,56.43364116609363,27.0,1,327.0,2,109.0,False,DC50,4.2367906294941955,1.192687154921629,12.415573462248426,0.12259232145527185,0.02958053459627056,0.43109630077251476,False,False,False,1074.271081333627,12851.522226414434,-5026.435156144957,23.495439154697507,44.37685767541813,10.850152179689882,-4591.991492152044,18224.53208810064,-16273.07621063375,inf,1.675298315185877,inf,10097.213521027028,21638.30250288983,4035.1805626945843,0.07450354881626556,0.12061550792405448,0.041286728233218724,-6529.842287803605,-3987.1273341539836,-1300.4411729811325,0.04275,0.048088772639006294,-0.10204425538115654,8.071599236254581,2.219468749625784,22.395560321393873,0.12011308387283604,0.027199371931688532,0.4241583394203385,True,False,True,2242.9012614180065,32961.85989016403,-11731.96210526316,40.875,89.81030720025096,14.388,-11968.444781916243,46123.611830194204,-39848.56474148515,inf,1.6374903033731671,inf,19930.78512396694,51214.14212245715,6183.272727272727,0.06665851272015656,0.12061550792405447,0.029863013698630137,-16882.75275615469,-11561.191629296569,-5800.178850064462,0.0055,0.05345457115267947,-0.10880404347196584
28013,Aranjuez,63040,53.71577802660757,28.0,0,776.0,37,20.42105263157895,False,DC150,8.071599236254581,2.219468749625784,22.395560321393873,0.12011308387283604,0.027199371931688532,0.4241583394203385,False,False,False,3378.9166649257404,31485.37636504895,-10632.385186942447,44.51896056014104,86.47116772570979,19.63005237064391,-10637.915636177617,43909.43176215155,-38748.98782316443,inf,1.7096594809095629,inf,21707.592339242325,49310.004736148556,8436.055564243663,0.07260104461862531,0.11613103374390249,0.04074315560532152,-15104.972242417276,-9191.092346141657,-2472.06346136389,0.04025,0.04751203925421073,-0.09670832396525106,8.071599236254581,2.219468749625784,22.395560321393873,0.12011308387283604,0.027199371931688532,0.4241583394203385,False,False,False,3378.9166649257404,31485.37636504895,-10632.385186942447,44.51896056014104,86.47116772570979,19.63005237064391,-10637.915636177617,43909.43176215155,-38748.98782316443,inf,1.7096594809095629,inf,21707.592339242325,49310.004736148556,8436.055564243663,0.07260104461862531,0.11613103374390249,0.04074315560532152,-15104.972242417276,-9191.092346141657,-2472.06346136389,0.04025,0.04751203925421073,-0.09670832396525106
28903,Tres Cantos,54592,52.39209301312848,29.0,2,1736.0,83,20.666666666666668,False,DC150,8.071599236254581,2.219468749625784,22.395560321393873,0.12011308387283604,0.027199371931688532,0.4241583394203385,False,False,False,3201.785332140731,30766.28235091357,-10659.140232978261,43.95078200495528,84.84490155499952,19.50250208274506,-10845.376204200082,42831.05628009311,-38775.74286920026,inf,1.7472763508163305,inf,21430.54659745753,48382.6298123551,8381.24056448548,0.07167446510918994,0.113946953471662,0.040478418602625695,-15277.89522845839,-9378.111735777517,-2729.598581744491,0.03525,0.048438618763646094,-0.09859432912909165,8.071599236254581,2.219468749625784,22.395560321393873,0.12011308387283604,0.027199371931688532,0.4241583394203385,False,False,False,3201.785332140731,30766.28235091357,-10659.140232978261,43.95078200495528,84.84490155499952,19.50250208274506,-10845.376204200082,42831.05628009311,-38775.74286920026,inf,1.7472763508163305,inf,21430.54659745753,48382.6298123551,8381.24056448548,0.07167446510918994,0.113946953471662,0.040478418602625695,-15277.89522845839,-9378.111735777517,-2729.598581744491,0.03525,0.048438618763646094,-0.09859432912909165
28068,Guadarrama,17547,51.90685154207826,30.0,0,396.0,13,28.285714285714285,False,DC50,4.2367906294941955,1.192687154921629,12.415573462248426,0.12259232145527185,0.02958053459627056,0.43109630077251476,False,False,False,815.9228090845572,11854.423774898467,-5064.230427339166,22.496141291616862,41.62878855194636,10.612224117051632,-4894.575334692578,16729.252608398514,-16310.871481827957,inf,1.8072996789770026,inf,9667.763199703115,20298.33491375897,3946.6949195646566,0.0713347960794548,0.11314630504442912,0.04038137030841565,-6765.323007297477,-4240.368572596504,-1575.3182112488512,0.03,0.051257525375817056,-0.10876834077094617,8.071599236254581,2.219468749625784,22.395560321393873,0.12011308387283604,0.027199371931688532,0.4241583394203385,False,False,True,3136.8518565672803,30502.674140735726,-11095.128421052632,43.74249695592168,84.24873873608193,17.424,-10921.427885821486,42435.741307172764,-39211.73105727463,inf,1.7615031834900314,inf,21328.98611900313,48042.6691966087,7488.0,0.0713347960794548,0.11314630504442913,0.03616438356164384,-16018.080525666239,-10548.059282955977,-4652.572780880276,0.01075,0.04877828779338124,-0.0992857080529226
28018,Becerril de la Sierra,6737,50.6247625691738,31.0,0,168.0,0,168.0,False,AC22,2.931310435690325,0.7915474422042256,9.700249412401476,0.225485418130025,0.0494717151377641,0.9700249412401476,False,False,False,-219.61467200266407,2923.746493670366,-2066.902252109555,6.875488776826506,12.732615074288788,3.514945840211926,-1463.2802091088658,4314.702300432252,-4691.11849815694,inf,1.6099460860466455,inf,2556.9999583239073,5471.867635231545,1132.916427836902,0.12074971508300854,0.18168685893676922,0.08024990502766954,-1945.8957907882973,-1330.2506085146065,-642.46250726345,0.007,0.10473570304701647,-0.1463280209108866,8.071599236254581,2.219468749625784,22.395560321393873,0.12011308387283604,0.027199371931688532,0.4241583394203385,True,True,True,-3953.1883427577222,15089.900617659849,-13199.448421052632,21.0,49.392,7.392,-19225.45712744274,19322.272482391778,-41316.05105727461,inf,3.2576317564998742,inf,10239.669421487602,28165.685950413223,3176.727272727273,0.03424657534246575,0.06633360193392425,0.015342465753424657,-21988.887109976837,-17570.6896914636,-13127.545849521804,0.0,0.08586650853037028,-0.17477688297675217
28058,Fuenlabrada,190076,50.447062856371325,32.0,1,2027.0,139,14.478571428571428,False,DC150,8.071599236254581,2.219468749625784,22.395560321393873,0.12011308387283604,0.027199371931688532,0.4241583394203385,False,False,False,2941.507561776083,29709.641587594262,-10698.454247154725,43.115897260468834,82.45525695470924,19.31507897683994,-11150.219922329887,41246.485319817315,-38815.05688337671,inf,1.805799843250301,inf,21023.454036096373,47019.9399163218,8300.695097484931,0.07031294399945993,0.11073765371301268,0.040089412571274255,-15539.93767747977,-9688.42055471709,-3127.7889291929623,0.02975,0.0498001398733761,-0.10136563565754443,8.071599236254581,2.219468749625784,22.395560321393873,0.12011308387283604,0.027199371931688532,0.4241583394203385,False,False,False,2941.507561776083,29709.641587594262,-10698.454247154725,43.115897260468834,82.45525695470924,19.31507897683994,-11150.219922329887,41246.485319817315,-38815.05688337671,inf,1.805799843250301,inf,21023.454036096373,47019.9399163218,8300.695097484931,0.07031294399945993,0.11073765371301268,0.040089412571274255,-15539.93767747977,-9688.42055471709,-3127.7889291929623,0.02975,0.0498001398733761,-0.10136563565754443
28149,Torrejón de la Calzada,10653,50.31688200302943,33.0,0,354.0,8,39.333333333333336,False,DC50,4.2367906294941955,1.192687154921629,12.415573462248426,0.12259232145527185,0.02958053459627056,0.43109630077251476,False,False,False,725.181706126572,11504.207330791467,-5077.505471003682,22.14515233593275,40.66356892381507,10.528655318079227,-5000.853543446852,16204.057266322441,-16324.146525492477,inf,1.8589818238862326,inf,9516.924970814076,19827.690632273465,3915.6156141616966,0.07022181740212059,0.11052285530499857,0.040063376400605887,-6845.797536545463,-4357.0652092004675,-1734.701951036992,0.0245,0.05237050405315126,-0.11113007874326339,8.071599236254581,2.219468749625784,22.395560321393873,0.12011308387283604,0.027199371931688532,0.4241583394203385,False,False,True,2924.087172619502,29638.920629481167,-11482.766315789475,43.06001843098035,82.29531806010192,15.576,-11170.623110025557,41140.42999770683,-39599.368952011464,inf,1.809863336667696,inf,20996.207334114384,46928.73509212424,6693.818181818182,0.0702218174021206,0.11052285530499856,0.03232876712328767,-16697.14286738088,-11338.05835083385,-5594.33651221073,0.00525,0.04989126647071543,-0.10155111918205052
28054,El Escorial,17171,49.54546572427229,34.0,0,400.0,10,36.36363636363637,False,DC50,4.2367906294941955,1.192687154921629,12.415573462248426,0.12259232145527185,0.02958053459627056,0.43109630077251476,False,False,False,681.1562312636752,11334.290449091832,-5083.946213755361,21.974860649564558,40.19526678630253,10.488109678467755,-5052.417261050677,15949.244688814022,-16330.587268244157,inf,1.8851835639935075,inf,9443.741766755016,19599.34496191611,3900.5366572813964,0.0696818260069906,0.1092500184450493,0.03990909314485447,-6881.57948440461,-4396.060288793222,-1770.2567780169115,0.0235,0.05291049544828125,-0.11227593913445948,8.071599236254581,2.219468749625784,22.395560321393873,0.12011308387283604,0.027199371931688532,0.4241583394203385,False,False,True,2820.858691374433,29219.84749439833,-11058.21052631579,42.72889570748664,81.3475637341837,17.6,-11291.526842970376,40511.975045810075,-39174.81316253778,inf,1.834339325255973,inf,20834.75079951828,46388.28014593946,7563.636363636364,0.0696818260069906,0.1092500184450493,0.0365296803652968,-16207.976075007402,-10761.780816769271,-4880.142639622792,0.00925,0.05043125786584543,-0.10265024402700341
28127,Las Rozas de Madrid,99037,48.71970567750692,35.0,1,5406.0,191,28.15625,False,DC150,8.071599236254581,2.219468749625784,22.395560321393873,0.12011308387283604,0.027199371931688532,0.4241583394203385,False,False,False,2710.3580993493542,28771.252019874963,-10733.368535954702,42.37444646501307,80.33304319832823,19.148630839084568,-11420.947850693301,39839.24748643797,-38849.97117217669,inf,1.8613162043148117,inf,20661.920177155134,45809.75190648469,8229.16366638345,0.06910379397425485,0.10788751436788642,0.039743941135501386,-15744.233321773338,-9961.301531430001,-3492.9410963461337,0.0255,0.05100928989858118,-0.10382679864266638,8.071599236254581,2.219468749625784,22.395560321393873,0.12011308387283604,0.027199371931688532,0.4241583394203385,False,False,False,2710.3580993493542,28771.252019874963,-10733.368535954702,42.37444646501307,80.33304319832823,19.148630839084568,-11420.947850693301,39839.24748643797,-38849.97117217669,inf,1.8613162043148117,inf,20661.920177155134,45809.75190648469,8229.16366638345,0.06910379397425485,0.10788751436788642,0.039743941135501386,-15744.233321773338,-9961.301531430001,-3492.9410963461337,0.0255,0.05100928989858118,-0.10382679864266638
28004,El Álamo,10594,48.5170544067624,36.0,0,168.0,4,33.6,False,AC22,2.931310435690325,0.7915474422042256,9.700249412401476,0.225485418130025,0.0494717151377641,0.9700249412401476,False,False,False,-249.78529636314966,2799.9068925287693,-2071.347199808467,6.73147329350526,12.333802966629953,3.478018793206477,-1498.616785472889,4128.988628848478,-4695.563445855852,inf,1.6760755507889895,inf,2503.4404810556757,5300.477307973203,1121.0143217772943,0.11822046528811488,0.17599604689825846,0.07940682176270496,-1973.2247403731217,-1366.2975204856757,-686.3618777155144,0.0055,0.10726495284191014,-0.1498616785472889,8.071599236254581,2.219468749625784,22.395560321393873,0.12011308387283604,0.027199371931688532,0.4241583394203385,True,True,True,-3953.1883427577222,15089.900617659849,-13199.448421052632,21.0,49.392,7.392,-19225.45712744274,19322.272482391778,-41316.05105727461,inf,3.2576317564998742,inf,10239.669421487602,28165.685950413223,3176.727272727273,0.03424657534246575,0.06633360193392425,0.015342465753424657,-21988.887109976837,-17575.8434728269,-13127.545849521804,0.0,0.08586650853037028,-0.17477688297675217
28032,Camarma de Esteruelas,8331,44.146197164634806,37.0,0,182.0,0,182.0,False,DC50,4.2367906294941955,1.192687154921629,12.415573462248426,0.12259232145527185,0.02958053459627056,0.43109630077251476,False,False,True,373.01474035123465,10145.014435121033,-5477.915789473684,20.782961316487466,36.917543620340524,8.008,-5413.320144413354,14165.769830650523,-16724.556843962477,inf,2.083915839986038,inf,8931.520565763209,18001.116310744554,2978.1818181818185,0.06590233801524437,0.10034122532164744,0.03047184170471842,-7447.18302947341,-5290.521971523154,-2932.907886752561,0.0045,0.056689983440027486,-0.12029600320918564,8.071599236254581,2.219468749625784,22.395560321393873,0.12011308387283604,0.027199371931688532,0.4241583394203385,True,True,True,-3407.6207046541986,16909.89233579817,-13070.235789473685,22.75,53.508,8.008,-18586.474908339773,22051.587993034187,-41186.83842569567,inf,2.9731626994265157,inf,11092.97520661157,30512.82644628099,3441.4545454545455,0.037100456621004564,0.07186140209508461,0.016621004566210046,-21479.331642148598,-16979.85287515402,-12440.645199000586,0.0,0.08301262725183148,-0.16896795371217976
28038,Cercedilla,7772,44.02411501727313,38.0,0,138.0,0,138.0,False,AC22,2.931310435690325,0.7915474422042256,9.700249412401476,0.225485418130025,0.0494717151377641,0.9700249412401476,False,False,False,-314.0991273821576,2535.9216635153048,-2080.8223638548084,6.424479730900239,11.483666947108352,3.399302495102625,-1573.9427241711455,3733.108266896095,-4705.038609902192,inf,1.8379704359849383,inf,2389.26932140918,4935.129597104416,1095.642952966962,0.11282893802072776,0.16386511054663744,0.07760964600690924,-2030.6453339052184,-1441.710469556302,-780.2772562111896,0.003,0.11265648010929726,-0.15739427241711454,8.071599236254581,2.219468749625784,22.395560321393873,0.12011308387283604,0.027199371931688532,0.4241583394203385,True,True,True,-5122.261852979557,11189.918364506306,-13476.332631578947,17.25,40.572,6.072,-20594.70473980623,13473.739245300898,-41592.93526780093,inf,4.12237136143898,inf,8411.157024793389,23136.099173553717,2609.4545454545455,0.02813111545988258,0.054488315874294924,0.012602739726027398,-23127.45743626421,-18958.155732254498,-14843.900410031056,0.0,0.09198196841295345,-0.187224588543693
28141,Sevilla la Nueva,9802,42.94096215192883,39.0,0,212.0,6,30.285714285714285,False,DC50,4.2367906294941955,1.192687154921629,12.415573462248426,0.12259232145527185,0.02958053459627056,0.43109630077251476,False,False,True,304.2308097849,9879.541977884111,-5268.231578947368,20.51690327696259,36.18588401164713,9.328000000000001,-5493.881573505233,13767.65917555027,-16514.872633436164,inf,2.131839641000787,inf,8817.1815735707,17644.356666836204,3469.09090909091,0.06505867350635018,0.09835258755068257,0.035494672754946735,-7308.345229334104,-5085.546042354228,-2710.9975519404,0.007,0.05753364794892167,-0.12208625718900518,8.071599236254581,2.219468749625784,22.395560321393873,0.12011308387283604,0.027199371931688532,0.4241583394203385,True,True,True,-2238.5471944323617,20809.87458895171,-12793.351578947368,26.500000000000004,62.32799999999999,9.328000000000001,-17217.22729597628,27900.121230125067,-40909.95421516936,inf,2.479427415978747,inf,12921.487603305786,35542.41322314049,4008.7272727272734,0.04321591650358774,0.08370668815471392,0.01936073059360731,-20392.9328683214,-15692.734527035162,-10912.957864042526,0.0,0.07689716736924829,-0.15652024814523893
28059,Fuente el Saz de Jarama,7413,42.2625095792383,40.0,0,166.0,4,33.2,False,AC22,2.931310435690325,0.7915474422042256,9.700249412401476,0.225485418130025,0.0494717151377641,0.9700249412401476,False,False,False,-339.31549124608614,2432.4175263175293,-2084.5374151972223,6.304112754530193,11.150343012545154,3.368439167828255,-1603.4767489448495,3577.890281971133,-4708.753661244606,inf,1.9107450065239007,inf,2344.50474342032,4791.882947540066,1085.6952689694376,0.11071501149508593,0.1591087758639434,0.07690500383169532,-2058.5586840636774,-1472.5305869798856,-814.9863898153187,0.00225,0.11477040663493908,-0.16034767489448495,8.071599236254581,2.219468749625784,22.395560321393873,0.12011308387283604,0.027199371931688532,0.4241583394203385,True,True,True,-4031.126576772511,14829.901800782947,-13217.907368421053,20.75,48.804,7.304,-19316.740301600305,18932.37026658572,-41334.51000464304,inf,3.3030668005370383,inf,10117.768595041322,27830.380165289254,3138.909090909091,0.03383887801696021,0.06554391619661563,0.015159817351598173,-22058.55218729668,-17681.847705026175,-13278.09830434544,0.0,0.08627420585587584,-0.1756067300145482
28082,Manzanares el Real,9648,41.477132096323935,41.0,0,230.0,4,46.0,False,DC50,4.2367906294941955,1.192687154921629,12.415573462248426,0.12259232145527185,0.02958053459627056,0.43109630077251476,False,False,False,220.68860943048458,9557.10979018472,-5151.310700042925,20.193759864527703,35.29723962745118,10.064038062982787,-5591.728250695933,13284.129958220377,-16397.95175453172,inf,2.1934608535660023,inf,8678.310024425129,17211.05072743487,3742.824073010128,0.06403399246742676,0.0959372679589345,0.03829542641926479,-7327.604377809899,-5062.890992916496,-2681.767966517798,0.00775,0.05855832898784509,-0.12426062779324296,8.071599236254581,2.219468749625784,22.395560321393873,0.12011308387283604,0.027199371931688532,0.4241583394203385,True,True,True,-1537.1030882992618,23149.86394084384,-12627.22105263158,28.75,67.62,10.12,-16395.67872855819,31409.2411723796,-40743.82368885357,inf,2.259848202504735,inf,14018.595041322315,38560.1652892562,4349.090909090909,0.046885192433137636,0.09081385979049154,0.021004566210045664,-19816.88443911327,-15023.861048844195,-10154.524893884256,0.0,0.0732278914396984,-0.14905162480507445
28075,Loeches,9261,40.9810810218564,42.0,0,290.0,9,29.0,False,DC50,4.2367906294941955,1.192687154921629,12.415573462248426,0.12259232145527185,0.02958053459627056,0.43109630077251476,False,False,False,192.37849372373603,9447.846537569576,-5155.452351509611,20.084255597736842,34.99610289377632,10.037965618508773,-5624.885753623055,13120.275426832288,-16402.093405998407,inf,2.2152520627088927,inf,8631.25033952327,17064.215460601674,3733.1277093627673,0.06368675671529947,0.09511878368606305,0.03819621620437128,-7299.165898761511,-4985.894489495197,-2562.1192554809304,0.009,0.05890556473997238,-0.12499746119162346,8.071599236254581,2.219468749625784,22.395560321393873,0.12011308387283604,0.027199371931688532,0.4241583394203385,True,False,True,801.0439321444082,24567.231719839536,-12073.452631578948,36.25,70.82544633264254,12.76,-13657.18350383121,33534.769450857035,-40190.05526780093,inf,2.146420063849258,inf,17675.619834710742,40388.06443762261,5483.636363636364,0.059116112198303976,0.09511878368606305,0.026484018264840183,-18226.353336091364,-13293.958966453214,-8104.875948714234,0.00075,0.06099697167453206,-0.12415621367119281
28100,Nuevo Baztán,7429,40.71586165026744,43.0,0,213.0,4,42.6,False,DC50,4.2367906294941955,1.192687154921629,12.415573462248426,0.12259232145527185,0.02958053459627056,0.43109630077251476,False,False,True,177.24216707549022,9389.427691833862,-5261.242105263158,20.025707891019838,34.83509670030456,9.372,-5642.613791203115,13032.668730498854,-16507.883159751953,inf,2.2271012597444746,inf,8606.089341595303,16985.708308412966,3485.454545454546,0.06350110315518721,0.09468117172294128,0.03566210045662101,-7404.670367587896,-5189.005569183333,-2850.3618503926596,0.006,0.05909121830008464,-0.12539141758229144,8.071599236254581,2.219468749625784,22.395560321393873,0.12011308387283604,0.027199371931688532,0.4241583394203385,True,True,True,-2199.578077424969,20939.87399739016,-12784.122105263159,26.625,62.62199999999999,9.372,-17171.5857088975,28095.072338028094,-40900.72474148514,inf,2.4659977108178306,inf,12982.438016528926,35710.06611570247,4027.636363636364,0.04341976516634051,0.08410153102336825,0.019452054794520546,-20377.100985811892,-15682.532385103297,-10877.982426934292,0.0,0.07669331870649553,-0.1561053246263409
28172,Villalbilla,18687,40.38401179696634,44.0,0,786.0,27,28.071428571428573,False,DC150,8.071599236254581,2.219468749625784,22.395560321393873,0.12011308387283604,0.027199371931688532,0.4241583394203385,False,False,False,1594.9019661207658,24242.872902393676,-10901.854143363786,38.79643322372983,70.09189305363488,18.345403376755677,-12727.397474061843,33048.35100035212,-39018.456779585766,inf,2.1712520228599907,inf,18917.269092562477,39969.75719587443,7883.975004886737,0.06326880825787644,0.09413361946499446,0.038076802359393265,-16761.472651381177,-11252.362116072058,-5162.694522668701,0.011,0.0568442756149596,-0.1157036134005622,8.071599236254581,2.219468749625784,22.395560321393873,0.12011308387283604,0.027199371931688532,0.4241583394203385,False,False,False,1594.9019661207658,24242.872902393676,-10901.854143363786,38.79643322372983,70.09189305363488,18.345403376755677,-12727.397474061843,33048.35100035212,-39018.456779585766,inf,2.1712520228599907,inf,18917.269092562477,39969.75719587443,7883.975004886737,0.06326880825787644,0.09413361946499446,0.038076802359393265,-16761.472651381177,-11252.362116072058,-5162.694522668701,0.011,0.0568442756149596,-0.1157036134005622
28006,Alcobendas,123342,39.1990006916949,45.0,1,4657.96408379851,281,16.51760313403727,True,DC50,4.2367906294941955,1.192687154921629,12.415573462248426,0.12259232145527185,0.02958053459627056,0.43109630077251476,False,False,False,90.67344167895044,9055.314592136485,-5170.331375047837,19.690857800693028,33.91425895190584,9.944299476355484,-5744.005208866893,12531.622458570951,-16416.972429536632,inf,2.29766457506681,inf,8462.186823438327,16536.704778202024,3698.293193685924,0.062439300484186416,0.0921783511412966,0.03783980013833898,-7387.554507246228,-5073.859402899552,-2613.018695410637,0.009,0.060153020971085436,-0.12764456019704207,8.071599236254581,2.219468749625784,22.395560321393873,0.12011308387283604,0.027199371931688532,0.4241583394203385,False,False,False,1436.3275361738124,23599.11371209738,-10925.80623646119,38.28777905690311,68.63600025980945,18.23121570665172,-12913.1237416475,32082.949935235443,-39042.40887268318,inf,2.2224788856914226,inf,18669.247639316392,39139.53733823844,7834.902617734624,0.06243930048418642,0.09217835114129659,0.03783980013833898,-16919.611588546504,-11415.197012647655,-5387.008665470294,0.00875,0.05767378338864961,-0.11739203401497728
28176,Villanueva de la Cañada,24028,38.72101183543758,46.0,0,1109.0,41,26.404761904761905,False,DC150,8.071599236254581,2.219468749625784,22.395560321393873,0.12011308387283604,0.027199371931688532,0.4241583394203385,False,False,False,1372.3645825231506,23339.44549657936,-10935.467608859868,38.08260712024323,68.04874793090025,18.185156700462766,-12988.038724152984,31693.543499386862,-39052.07024508185,inf,2.2439100072427753,inf,18569.2051247467,38804.657911009235,7815.108664661684,0.06210470828480631,0.091389669528472,0.03774420236708752,-16959.645525100612,-11477.790781810681,-5473.9844601220675,0.00825,0.05800837558802972,-0.11807307931048168,8.071599236254581,2.219468749625784,22.395560321393873,0.12011308387283604,0.027199371931688532,0.4241583394203385,False,False,False,1372.3645825231506,23339.44549657936,-10935.467608859868,38.08260712024323,68.04874793090025,18.185156700462766,-12988.038724152984,31693.543499386862,-39052.07024508185,inf,2.2439100072427753,inf,18569.2051247467,38804.657911009235,7815.108664661684,0.06210470828480631,0.091389669528472,0.03774420236708752,-16959.645525100612,-11477.790781810681,-5473.9844601220675,0.00825,0.05800837558802972,-0.11807307931048168
28014,Arganda del Rey,60419,38.44464026453713,47.0,0,1182.0,60,19.37704918032787,False,DC150,8.071599236254581,2.219468749625784,22.395560321393873,0.12011308387283604,0.027199371931688532,0.4241583394203385,False,False,False,1335.3814149274003,23189.306195848472,-10941.053782327977,37.963977387149924,67.70920058260766,18.1585255358908,-13031.354318497864,31468.38999008354,-39057.656418549974,inf,2.2565116637556306,inf,18511.360874725997,38611.03173718949,7803.663866663815,0.06191124818517601,0.09093365643648625,0.03768892805290743,-16998.988226448975,-11525.390639511505,-5520.1821529718945,0.008,0.058201835687660027,-0.11846685744088968,8.071599236254581,2.219468749625784,22.395560321393873,0.12011308387283604,0.027199371931688532,0.4241583394203385,False,False,False,1335.3814149274003,23189.306195848472,-10941.053782327977,37.963977387149924,67.70920058260766,18.1585255358908,-13031.354318497864,31468.38999008354,-39057.656418549974,inf,2.2565116637556306,inf,18511.360874725997,38611.03173718949,7803.663866663815,0.06191124818517601,0.09093365643648625,0.03768892805290743,-16998.988226448975,-11525.390639511505,-5520.1821529718945,0.008,0.058201835687660027,-0.11846685744088968
28113,Pinto,56651,38.3976340130616,48.0,0,1098.0,60,18.0,False,DC150,8.071599236254581,2.219468749625784,22.395560321393873,0.12011308387283604,0.027199371931688532,0.4241583394203385,False,False,False,1329.091187351878,23163.769974074574,-10942.00389841254,37.94380042376657,67.65144917210736,18.153996013498613,-13038.721587547841,31430.095087158377,-39058.60653463452,inf,2.258670604334549,inf,18501.522520679566,38578.09911467279,7801.717295057256,0.06187834380914313,0.09085609612155165,0.037679526802612315,-17002.084708319315,-11533.9453178013,-5529.273631649131,0.008,0.058234740063692905,-0.11853383261407129,8.071599236254581,2.219468749625784,22.395560321393873,0.12011308387283604,0.027199371931688532,0.4241583394203385,False,False,False,1329.091187351878,23163.769974074574,-10942.00389841254,37.94380042376657,67.65144917210736,18.153996013498613,-13038.721587547841,31430.095087158377,-39058.60653463452,inf,2.258670604334549,inf,18501.522520679566,38578.09911467279,7801.717295057256,0.06187834380914313,0.09085609612155165,0.037679526802612315,-17002.084708319315,-11533.9453178013,-5529.273631649131,0.008,0.058234740063692905,-0.11853383261407129
28044,Colmenarejo,9640,37.80739854182914,49.0,0,252.0,4,50.4,False,DC50,4.2367906294941955,1.192687154921629,12.415573462248426,0.12259232145527185,0.02958053459627056,0.43109630077251476,False,False,False,11.253357924981174,8748.791766026741,-5181.950200974624,19.38365884290587,33.069461817991126,9.87115686735854,-5837.023961839234,12071.951408791105,-16428.59125546342,inf,2.3669027242381215,inf,8330.167436620704,16124.77890298741,3671.091396951523,0.0614651789792804,0.08988220759401806,0.037561479708365826,-7476.861622131624,-5223.200283598069,-2862.0633198949267,0.00625,0.06112714247599145,-0.12971164359642742,8.071599236254581,2.219468749625784,22.395560321393873,0.12011308387283604,0.027199371931688532,0.4241583394203385,True,False,True,-679.7825141365811,22843.123604302593,-12424.172631578947,31.500000000000004,66.92629177450586,11.088000000000001,-15391.563812824967,30949.24393727236,-40540.775267800935,inf,2.286173619398233,inf,15359.504132231406,38164.579606949614,4765.09090909091,0.051369863013698634,0.08988220759401806,0.02301369863013699,-19277.795731272552,-14418.85521243402,-9450.107681739128,0.0005,0.0687432208591374,-0.13992330738931788
28123,Rivas-Vaciamadrid,103148,37.60294074396758,50.0,1,3937.0,199,19.685,False,DC50,4.2367906294941955,1.192687154921629,12.415573462248426,0.12259232145527185,0.02958053459627056,0.43109630077251476,False,False,False,-0.41524680653947144,8703.756637253231,-5183.657269020586,19.338524375112335,32.94534203155891,9.860410565502937,-5850.6905183290955,12004.415345708876,-16430.298323509385,inf,2.377465480431298,inf,8310.770805833401,16064.257684809716,3667.0948384101835,0.061322058520777316,0.0895448522275465,0.03752058814879352,-7469.275229895875,-5174.429764640597,-2743.625937578123,0.007,0.061270262934494536,-0.13001534485175767,8.071599236254581,2.219468749625784,22.395560321393873,0.12011308387283604,0.027199371931688532,0.4241583394203385,False,False,False,1222.7478530416083,22732.051576525293,-10958.066673757468,37.602686284940646,66.67509696863112,18.077419370088716,-13163.273512916056,30782.676911065682,-39074.66930997946,inf,2.295874255591013,inf,18335.194138938,38021.33628789709,7768.808324335647,0.06132205852077731,0.0895448522275465,0.03752058814879351,-17084.501362375315,-11670.140549107584,-5684.87290831117,0.0065,0.058791025352058726,-0.11966612284469141
28151,Torrelaguna,5081,33.48207616166468,51.0,0,112.53999674289246,0,112.53999674289246,True,DC50,4.2367906294941955,1.192687154921629,12.415573462248426,0.12259232145527185,0.02958053459627056,0.43109630077251476,True,False,True,-1363.1322061708588,7796.069725512783,-5963.404654344415,14.067499592861559,30.44369701130945,4.95175985668727,-7446.738094997535,10643.220158758015,-17210.045708833208,inf,2.6149150415034463,inf,6045.537015114059,14844.447303035186,1841.5635830655135,0.0446077485821333,0.08274542566674671,0.01884231300109311,-8765.741775460616,-6873.016871600626,-4850.116976383566,0.00025,0.07798457287313855,-0.165483068777723,8.071599236254581,2.219468749625784,22.395560321393873,0.12011308387283604,0.027199371931688532,0.4241583394203385,True,True,True,-6114.415698914426,7880.133002241273,-13711.315061640336,14.067499592861559,33.08675904241038,4.95175985668727,-21756.7396954916,8510.283403113044,-41827.91769786232,inf,5.265883900600408,inf,6859.359305610182,18867.655982862114,2128.0290293201488,0.022941127842239985,0.04443561515231047,0.010277625273323515,-24129.2130323182,-20130.621803810343,-16259.179516422992,0.0,0.09717195603059606,-0.1977885426862873
28090,Moralzarzal,14772,33.29974298241647,52.0,0,485.7002381987292,19,24.285011909936458,True,DC50,4.2367906294941955,1.192687154921629,12.415573462248426,0.12259232145527185,0.02958053459627056,0.43109630077251476,False,False,False,-246.00291470807224,7755.907900955295,-5219.585717194388,18.3885848628544,30.3330083728496,9.63423449115581,-6138.328827605543,10582.992252439528,-16466.226771683178,inf,2.6266328602371924,inf,7902.532337755611,14790.47515700931,3582.979769438112,0.05830982008769153,0.08244457592098718,0.0366599485964833,-7694.643549604628,-5464.139179218203,-3083.5988558967338,0.0035,0.06428250136758032,-0.13640730728012318,8.071599236254581,2.219468749625784,22.395560321393873,0.12011308387283604,0.027199371931688532,0.4241583394203385,False,False,False,646.9075685485277,20394.33246626731,-11045.045262348503,35.75558167777245,61.38823123076706,17.66276323378565,-13837.711799089571,27276.961492932456,-39161.64789857049,inf,2.52345189965835,inf,17434.539826351855,35006.51202415642,7590.60899303185,0.05830982008769153,0.08244457592098718,0.0366599485964833,-17641.98342444247,-12403.585819139033,-6741.752944195046,0.003,0.0618032637851445,-0.12579737999172338
28154,Torres de la Alameda,7824,33.26691889770504,53.0,0,162.0,4,32.4,False,DC50,4.2367906294941955,1.192687154921629,12.415573462248426,0.12259232145527185,0.02958053459627056,0.43109630077251476,False,False,True,-247.87621704321282,7748.677866702199,-5617.7052631578945,18.381338880506185,30.313081921392005,7.128,-6140.522885316368,10572.149870887575,-16864.34631764669,inf,2.6287545052808152,inf,7899.418361870426,14780.758953406019,2650.909090909091,0.05828684322839353,0.08239041618121332,0.027123287671232878,-7976.268278400311,-5922.3987595318695,-3722.9753186381267,0.00125,0.06430547822687832,-0.1364560641181415,8.071599236254581,2.219468749625784,22.395560321393873,0.12011308387283604,0.027199371931688532,0.4241583394203385,True,True,True,-4187.003044802089,14309.90416702914,-13254.825263157894,20.25,47.628,7.128,-19499.306649915434,18152.565834973604,-41371.42789937987,inf,3.398450991163385,inf,9873.96694214876,27159.76859504132,3063.2727272727275,0.03302348336594912,0.06396454472199839,0.014794520547945205,-22205.10274381061,-17878.06498157805,-13585.218046639538,0.0,0.08708960050688691,-0.17726642409014032
28108,Pedrezuela,6606,32.498174592102,54.0,0,159.0,2,53.0,False,DC50,4.2367906294941955,1.192687154921629,12.415573462248426,0.12259232145527185,0.02958053459627056,0.43109630077251476,False,False,True,-291.749199807914,7579.349530200316,-5638.673684210526,18.2116370375557,29.846401853278177,6.996,-6191.9080004289635,10318.219893844273,-16885.31473869932,inf,2.679534474264197,inf,7826.488644238814,14553.20420944969,2601.818181818182,0.0577487222144714,0.0811219880769683,0.026621004566210044,-8015.935049419746,-5989.158996585566,-3813.45171240252,0.00075,0.06484359924080045,-0.13759795556508808,8.071599236254581,2.219468749625784,22.395560321393873,0.12011308387283604,0.027199371931688532,0.4241583394203385,True,True,True,-4303.910395824272,13919.905941713787,-13282.513684210526,19.875,46.746,6.996,-19636.231411151784,17567.712511264515,-41399.11632043251,inf,3.4742407914473517,inf,9691.11570247934,26656.80991735537,3006.5454545454545,0.032411937377690804,0.06278001611603545,0.01452054794520548,-22304.61792383991,-18013.08823845158,-13737.36229339226,0.0,0.08770114649514524,-0.1785111946468344
28089,Moraleja de Enmedio,5580,31.49257531822493,55.0,0,180.0,5,30.0,False,DC50,4.2367906294941955,1.192687154921629,12.415573462248426,0.12259232145527185,0.02958053459627056,0.43109630077251476,False,False,True,-349.1397252263696,7357.850065434155,-5491.894736842105,17.989648986648795,29.235934713284173,7.92,-6259.125193543359,9986.052489586156,-16738.5357913309,inf,2.74927925287736,inf,7731.088820708573,14255.538413915423,2945.454545454546,0.057044802722757464,0.07946274927507113,0.030136986301369864,-7941.31576568774,-5836.758852684583,-3608.099392839924,0.001,0.06554751873251438,-0.1390916709676302,8.071599236254581,2.219468749625784,22.395560321393873,0.12011308387283604,0.027199371931688532,0.4241583394203385,True,True,True,-3485.558938668988,16649.893518921268,-13088.694736842106,22.5,52.92,7.92,-18677.75808249734,21661.685777228133,-41205.29737306409,inf,3.0125218504026043,inf,10971.07438016529,30177.520661157025,3403.6363636363635,0.03669275929549902,0.07107171635777598,0.01643835616438356,-21598.40299204409,-17128.59589438202,-12674.64850188351,0.0,0.08342032457733702,-0.16979780074997583
28080,Majadahonda,73625,31.265069123794976,56.0,0,3760.595116585891,232,16.139893204231292,True,DC150,8.071599236254581,2.219468749625784,22.395560321393873,0.12011308387283604,0.027199371931688532,0.4241583394203385,False,False,False,374.6339621463667,19288.992617622447,-11086.171204095179,34.88221827069776,58.88845127480327,17.46670206076888,-14156.605335052942,25619.359887732026,-39202.77384031717,inf,2.6493511402568517,inf,17008.68494191048,33581.01766910269,7506.351298842826,0.05688554838665649,0.07908736405426171,0.03625301382475899,-17866.490046299114,-12618.148628439227,-6859.8969613699,0.00325,0.06322753548617954,-0.12869641213684493,8.071599236254581,2.219468749625784,22.395560321393873,0.12011308387283604,0.027199371931688532,0.4241583394203385,False,False,False,374.6339621463667,19288.992617622447,-11086.171204095179,34.88221827069776,58.88845127480327,17.46670206076888,-14156.605335052942,25619.359887732026,-39202.77384031717,inf,2.6493511402568517,inf,17008.68494191048,33581.01766910269,7506.351298842826,0.05688554838665649,0.07908736405426171,0.03625301382475899,-17866.490046299114,-12618.148628439227,-6859.8969613699,0.00325,0.06322753548617954,-0.12869641213684493
28164,Valdetorres de Jarama,5175,31.10116989879829,57.0,0,109.0,1,54.5,False,DC50,4.2367906294941955,1.192687154921629,12.415573462248426,0.12259232145527185,0.02958053459627056,0.43109630077251476,True,False,True,-1477.5315354501959,7271.636706731817,-5988.147368421052,13.625,28.998325008123675,4.796,-7580.725399561467,9856.764287455453,-17234.788422909845,inf,2.777505634834955,inf,5855.371900826446,14139.679136192535,1783.6363636363637,0.04320459157787925,0.07881693033301716,0.018249619482496194,-8873.981817572747,-6998.879610103604,-5012.723844958192,0.0,0.0793877298773926,-0.16846056443469928,8.071599236254581,2.219468749625784,22.395560321393873,0.12011308387283604,0.027199371931688532,0.4241583394203385,True,True,True,-6252.366246193998,7419.935519791208,-13743.987368421052,13.625,32.04599999999999,4.796,-21918.310765090933,7820.157116113042,-41860.59000464304,inf,5.470540795532661,inf,6643.595041322314,18274.165289256194,2061.090909090909,0.022219504240052184,0.04303787268331989,0.00995433789954338,-24272.298289493498,-20298.294574825428,-16464.40302275659,0.0,0.09789357963278385,-0.19925737059173576
28033,Campo Real,6974,30.595107702332903,58.0,0,170.0,3,42.5,False,DC50,4.2367906294941955,1.192687154921629,12.415573462248426,0.12259232145527185,0.02958053459627056,0.43109630077251476,False,False,True,-400.35907209752713,7160.168342973657,-5561.78947368421,17.791531215505394,28.691110842639826,7.48,-6319.11455075396,9689.602903632083,-16808.430528173005,inf,2.8149468375435966,inf,7645.947299225459,13989.880493518593,2781.818181818182,0.056416575391633035,0.07798192770884928,0.028462709284627092,-8016.929604448121,-5958.444367186177,-3783.665466759591,0.00075,0.06617574606363882,-0.14042476779453245,8.071599236254581,2.219468749625784,22.395560321393873,0.12011308387283604,0.027199371931688532,0.4241583394203385,True,True,True,-3875.2501087429328,15349.89943453675,-13180.98947368421,21.25,49.98,7.48,-19134.17395328517,19712.174698197836,-41297.592109906196,inf,3.2136079402798696,inf,10361.570247933883,28500.99173553719,3214.5454545454545,0.034654272667971296,0.06712328767123288,0.015525114155251141,-21956.771165312446,-17546.055694540206,-13204.815821141608,0.0,0.08545881120486473,-0.1739470359389561
28171,Villa del Prado,7743,30.511232457994907,59.0,0,93.0,0,93.0,False,AC22,2.931310435690325,0.7915474422042256,9.700249412401476,0.225485418130025,0.0494717151377641,0.9700249412401476,False,False,False,-507.52823250879305,1741.9645036684174,-2109.3196944192114,5.501171491389876,8.926813360771964,3.1625567926640707,-1800.4916434995766,2542.465710911115,-4733.535940466596,inf,2.5420766692382895,inf,2045.8902240706152,3836.3164856210096,1019.3364868917254,0.09661347894959389,0.12738032763658624,0.07220449298319796,-2234.3711285193986,-1670.497420046113,-1072.8060549347651,0.0,0.1288719391804311,-0.18004916434995766,8.071599236254581,2.219468749625784,22.395560321393873,0.12011308387283604,0.027199371931688532,0.4241583394203385,True,True,True,-6875.872118312311,5339.944984775988,-13891.658947368422,11.625,27.342,4.092,-22648.57615835146,4700.939389664579,-42008.26158359041,inf,6.627975981471785,inf,5668.388429752066,15591.719008264463,1758.5454545454545,0.018957925636007827,0.03672038678485093,0.008493150684931507,-24967.307152158264,-21056.6418050924,-17425.55344666644,0.0,0.1011551582368282,-0.20589614689410418
28005,Alcalá de Henares,203208,30.26676942775613,60.0,0,2815.0,260,10.78544061302682,False,DC150,8.071599236254581,2.219468749625784,22.395560321393873,0.12011308387283604,0.027199371931688532,0.4241583394203385,False,False,False,241.04466115891773,18746.66470091672,-11106.349383989244,34.453708109170044,57.66195025124691,17.37050590205858,-14313.068405865026,24806.068277573824,-39222.952020211225,inf,2.7162867276946683,inf,16799.741970587045,32881.6079945127,7465.010800884679,0.0561867385994293,0.07744016955579762,0.036053353885551226,-17996.5596937026,-12777.438500518272,-7072.586318081106,0.00275,0.06392634527340674,-0.13011880368968207,8.071599236254581,2.219468749625784,22.395560321393873,0.12011308387283604,0.027199371931688532,0.4241583394203385,False,False,False,241.04466115891773,18746.66470091672,-11106.349383989244,34.453708109170044,57.66195025124691,17.37050590205858,-14313.068405865026,24806.068277573824,-39222.952020211225,inf,2.7162867276946683,inf,16799.741970587045,32881.6079945127,7465.010800884679,0.0561867385994293,0.07744016955579762,0.036053353885551226,-17996.5596937026,-12777.438500518272,-7072.586318081106,0.00275,0.06392634527340674,-0.13011880368968207
28134,San Sebastián de los Reyes,96992,30.017063259218872,61.0,0,2664.0,207,12.807692307692308,False,DC150,8.071599236254581,2.219468749625784,22.395560321393873,0.12011308387283604,0.027199371931688532,0.4241583394203385,False,False,False,207.6297731853865,18611.011422939453,-11111.396581748992,34.34652423338711,57.35516374964371,17.346444215658327,-14352.204743464936,24602.638453161453,-39227.99921797098,inf,2.733609339047153,inf,16747.478758428424,32706.663625829882,7454.670241439943,0.05601194428145321,0.07702815437771113,0.03600341265184377,-18029.017249397377,-12822.791219663475,-7108.803285538485,0.00275,0.06410113959138283,-0.13047458857695396,8.071599236254581,2.219468749625784,22.395560321393873,0.12011308387283604,0.027199371931688532,0.4241583394203385,False,False,False,207.6297731853865,18611.011422939453,-11111.396581748992,34.34652423338711,57.35516374964371,17.346444215658327,-14352.204743464936,24602.638453161453,-39227.99921797098,inf,2.733609339047153,inf,16747.478758428424,32706.663625829882,7454.670241439943,0.05601194428145321,0.07702815437771113,0.03600341265184377,-18029.017249397377,-12822.791219663475,-7108.803285538485,0.00275,0.06410113959138283,-0.13047458857695396
28049,Coslada,80512,28.320115301336877,62.0,0,1196.0,112,10.584070796460177,False,DC150,8.071599236254581,2.219468749625784,22.395560321393873,0.12011308387283604,0.027199371931688532,0.4241583394203385,False,False,False,-19.450423678372317,17689.141713464593,-11145.696222729424,33.61812629194585,55.27031045806948,17.182926310436823,-14618.166648043318,23220.17430687684,-39262.29885895141,inf,2.8580044152076165,inf,16392.309514254586,31517.7803438578,7384.398083824089,0.05482408071093582,0.07422819024720585,0.03566402306026738,-18255.685709801925,-13089.057602823857,-7401.361237195304,0.00225,0.06528900316190021,-0.13289242407312107,8.071599236254581,2.219468749625784,22.395560321393873,0.12011308387283604,0.027199371931688532,0.4241583394203385,False,False,False,-19.450423678372317,17689.141713464593,-11145.696222729424,33.61812629194585,55.27031045806948,17.182926310436823,-14618.166648043318,23220.17430687684,-39262.29885895141,inf,2.8580044152076165,inf,16392.309514254586,31517.7803438578,7384.398083824089,0.05482408071093582,0.07422819024720585,0.03566402306026738,-18255.685709801925,-13089.057602823857,-7401.361237195304,0.00225,0.06528900316190021,-0.13289242407312107
28040,Ciempozuelos,26350,27.803844039956125,63.0,0,278.0,20,13.238095238095235,False,DC50,4.2367906294941955,1.192687154921629,12.415573462248426,0.12259232145527185,0.02958053459627056,0.43109630077251476,False,False,False,-559.6591952446242,6545.34748609895,-5265.472318569516,17.175354179508396,26.996623993648086,9.345370042740097,-6505.690768041601,8767.598652617651,-16512.11337305831,inf,3.038548983372654,inf,7381.143944912698,13163.643104340801,3475.5508423413585,0.05446269082796929,0.0733763426659276,0.035560768807991236,-7996.587860041281,-5826.343087014117,-3572.5499431567664,0.00175,0.06812963062730257,-0.14457090595648,8.071599236254581,2.219468749625784,22.395560321393873,0.12011308387283604,0.027199371931688532,0.4241583394203385,False,False,True,-88.5362074379209,17408.676519745088,-12184.206315789474,33.39652201571077,54.636024749049696,12.232,-14699.081615009827,22799.580083405875,-40300.80895201146,inf,2.8983265686944932,inf,16284.254536586242,31156.080228796935,5256.727272727273,0.05446269082796929,0.07337634266592762,0.025388127853881278,-19234.93226126897,-14438.035184992033,-9641.12331304697,0.0005,0.06565039304486675,-0.13362801468190752
28074,Leganés,195734,27.462624104922405,64.0,0,2746.0,261,10.48091603053435,False,DC150,8.071599236254581,2.219468749625784,22.395560321393873,0.12011308387283604,0.027199371931688532,0.4241583394203385,False,False,False,-134.197177570446,17223.308240820857,-11163.028304154956,33.250056770796895,54.21680534906661,17.100298458750327,-14752.560864847846,22521.59611578293,-39279.63094037695,inf,2.9256593826207404,inf,16212.83759898361,30917.021232112365,7348.888593843116,0.05422383687344569,0.07281332977312197,0.035492524820984486,-18371.098638319734,-13220.583543384633,-7547.908811658274,0.00225,0.06588924699939035,-0.13411418968043498,8.071599236254581,2.219468749625784,22.395560321393873,0.12011308387283604,0.027199371931688532,0.4241583394203385,False,False,False,-134.197177570446,17223.308240820857,-11163.028304154956,33.250056770796895,54.21680534906661,17.100298458750327,-14752.560864847846,22521.59611578293,-39279.63094037695,inf,2.9256593826207404,inf,16212.83759898361,30917.021232112365,7348.888593843116,0.05422383687344569,0.07281332977312197,0.035492524820984486,-18371.098638319734,-13220.583543384633,-7547.908811658274,0.00225,0.06588924699939035,-0.13411418968043498
28043,Colmenar de Oreja,9127,25.93068132303468,65.0,0,100.0,0,100.0,False,DC50,4.2367906294941955,1.192687154921629,12.415573462248426,0.12259232145527185,0.02958053459627056,0.43109630077251476,True,False,True,-1768.3775554588956,6132.753175426502,-6051.0526315789475,12.5,25.859486849412015,4.4,-7921.371402554699,8148.859544907302,-17297.69368606774,inf,3.1971896756299567,inf,5371.900826446281,12609.171273680238,1636.3636363636365,0.03963723997970573,0.07028562418300723,0.0167427701674277,-9142.180556994539,-7310.625448306337,-5404.407436895191,0.0,0.08295508147556613,-0.17603047561232663,8.071599236254581,2.219468749625784,22.395560321393873,0.12011308387283604,0.027199371931688532,0.4241583394203385,True,True,True,-6603.088299260549,6249.940843845146,-13827.052631578947,12.5,29.399999999999995,4.4,-22329.08504879998,6065.597144985779,-41943.65526780093,inf,6.081658206599326,inf,6095.0413223140495,16765.289256198346,1890.909090909091,0.020384866275277233,0.0394842868654311,0.0091324200913242,-24688.814473980412,-20727.6526408528,-16989.295215060254,0.0,0.0997282175975588,-0.20299168226181802
28091,Morata de Tajuña,8397,25.09050884673246,66.0,0,83.0,0,83.0,False,AC22,2.931310435690325,0.7915474422042256,9.700249412401476,0.225485418130025,0.0494717151377641,0.9700249412401476,False,False,False,-585.1227585224433,1423.4667809336188,-2120.7514634715035,5.1307842884795365,7.90112572194333,3.067585714994753,-1891.3722584033449,2064.836738152071,-4744.967709518888,inf,3.012163784213525,inf,1908.1429172031335,3395.5251036450677,988.7259742545073,0.09010861061607897,0.11274437388617765,0.07003620353869298,-2316.6399152236113,-1759.186101327848,-1179.1813095596012,0.0,0.13537680751394604,-0.1891372258403345,8.071599236254581,2.219468749625784,22.395560321393873,0.12011308387283604,0.027199371931688532,0.4241583394203385,True,True,True,-7265.563288386255,4039.9509003914736,-13983.953684210526,10.375,24.402,3.652,-23104.992029139292,2751.428310634284,-42100.55632043251,inf,7.593880302768645,inf,5058.884297520661,13915.190082644627,1569.4545454545455,0.016919439008480103,0.03277195809830782,0.007579908675799087,-25379.080954930072,-21518.941306815585,-17961.348730841357,0.0,0.10319364486435594,-0.21004538208308446
28144,Soto del Real,9400,24.56556642872046,67.0,0,329.0,16,19.352941176470587,False,DC50,4.2367906294941955,1.192687154921629,12.415573462248426,0.12259232145527185,0.02958053459627056,0.43109630077251476,False,False,False,-744.4708378019131,5832.064594706746,-5292.509488547436,16.4604979202729,25.03076928075047,9.175166171493547,-6722.146703528946,7697.9377088063375,-16539.15054303623,inf,3.3254859276724913,inf,7073.932990530503,12205.085847638658,3412.2518819604106,0.05219589650010433,0.06803318460738875,0.03491311328574409,-8180.272787582366,-6037.932299694333,-3801.782919933889,0.00075,0.07039642495516751,-0.1493810378561988,8.071599236254581,2.219468749625784,22.395560321393873,0.12011308387283604,0.027199371931688532,0.4241583394203385,False,False,True,-521.8722529208426,15649.476995208825,-11713.503157894738,32.00652373386397,50.65750925866166,14.476,-15206.61543597198,20161.430414492566,-39830.10579411673,inf,3.1645481897275745,inf,15606.486779322102,28887.33999047648,6221.090909090909,0.052195896500104325,0.06803318460738875,0.03004566210045662,-19047.398800573716,-14216.075454190486,-9176.758105523002,0.0,0.06791718737273171,-0.1382419585088362
28050,Cubas de la Sagra,7238,21.878131663963316,68.0,0,239.0,7,29.875,False,DC50,4.2367906294941955,1.192687154921629,12.415573462248426,0.12259232145527185,0.02958053459627056,0.43109630077251476,False,False,False,-897.84534510699,5240.11372774496,-5314.947537183911,15.867241321083233,23.39931363297888,9.03391460025791,-6901.78269398523,6810.229997482435,-16561.588591672706,inf,3.6162034005985033,inf,6818.979741291968,11409.58268054342,3359.7203058810414,0.05031469216477433,0.06359891724553947,0.03437562633279266,-8324.285687114698,-6223.476562776608,-4039.0250790051805,0.00075,0.07227762929049752,-0.15337294875522733,8.071599236254581,2.219468749625784,22.395560321393873,0.12011308387283604,0.027199371931688532,0.4241583394203385,True,False,True,-1186.381035232711,14189.523733641807,-12544.155789473683,29.875000000000004,47.35575378102869,10.516000000000002,-15984.904444849142,17972.039637657726,-40660.75842569567,inf,3.421440155301895,inf,14567.14876033058,27004.52075116512,4519.272727272728,0.0487198303979126,0.06359891724553947,0.021826484018264845,-20202.444468283633,-15608.873119349179,-11058.216992572798,0.0,0.07139325347492344,-0.14531731313499222
28007,Alcorcón,175719,21.46987350671534,69.0,0,2358.0,275,8.543478260869565,False,DC150,8.071599236254581,2.219468749625784,22.395560321393873,0.12011308387283604,0.027199371931688532,0.4241583394203385,False,False,False,-936.1280672453249,13967.736832597013,-11284.15705948835,30.677728504022497,46.854171891615394,16.52283701110709,-15691.802021513431,17639.44118512297,-39400.75969571034,inf,3.464738564996126,inf,14958.561832539894,26718.494715053403,7100.7233436162705,0.050028911454700745,0.0629252912860803,0.03429397470134307,-19175.398353401346,-14174.711348734134,-8655.639902854735,0.00125,0.07008417241813529,-0.1426527456501221,8.071599236254581,2.219468749625784,22.395560321393873,0.12011308387283604,0.027199371931688532,0.4241583394203385,False,False,False,-936.1280672453249,13967.736832597013,-11284.15705948835,30.677728504022497,46.854171891615394,16.52283701110709,-15691.802021513431,17639.44118512297,-39400.75969571034,inf,3.464738564996126,inf,14958.561832539894,26718.494715053403,7100.7233436162705,0.050028911454700745,0.0629252912860803,0.03429397470134307,-19175.398353401346,-14174.711348734134,-8655.639902854735,0.00125,0.07008417241813529,-0.1426527456501221
28047,Collado Villalba,67274,20.70090866828446,70.0,0,1003.0,102,9.737864077669904,False,DC150,8.071599236254581,2.219468749625784,22.395560321393873,0.12011308387283604,0.027199371931688532,0.4241583394203385,False,False,False,-1039.0285045163273,13549.995446417182,-11299.699797709784,30.347658036774426,45.9094293807676,16.448739559275896,-15812.32154129773,17012.983364807103,-39416.30243393177,inf,3.5497828865033516,inf,14797.618381567694,26179.75725018979,7068.879810597906,0.049490636067799125,0.06165649930266935,0.0341401817336569,-19284.718808466285,-14296.249992846653,-8823.242527857094,0.001,0.0706224478050369,-0.14374837764816117,8.071599236254581,2.219468749625784,22.395560321393873,0.12011308387283604,0.027199371931688532,0.4241583394203385,False,False,False,-1039.0285045163273,13549.995446417182,-11299.699797709784,30.347658036774426,45.9094293807676,16.448739559275896,-15812.32154129773,17012.983364807103,-39416.30243393177,inf,3.5497828865033516,inf,14797.618381567694,26179.75725018979,7068.879810597906,0.049490636067799125,0.06165649930266935,0.0341401817336569,-19284.718808466285,-14296.249992846653,-8823.242527857094,0.001,0.0706224478050369,-0.14374837764816117
28026,Brunete,11287,19.26795969816316,71.0,0,270.6686846348161,16,15.92168733145977,True,DC50,4.2367906294941955,1.192687154921629,12.415573462248426,0.12259232145527185,0.02958053459627056,0.43109630077251476,False,False,False,-1046.8103895747022,4665.181238838803,-5336.740499858291,15.291040639288916,21.81476175804451,8.896723961735457,-7076.254213252082,5948.043568882126,-16583.381554347085,inf,3.960318529565312,inf,6571.356307793584,10636.949948137406,3308.698994033848,0.04848757178871422,0.059292133501969206,0.03385359193963264,-8456.861814836026,-6378.289349457424,-4197.9250937901115,0.0005,0.07410474966655764,-0.15725009362782405,8.071599236254581,2.219468749625784,22.395560321393873,0.12011308387283604,0.027199371931688532,0.4241583394203385,False,False,True,-1230.7811936423986,12771.543611968005,-12251.870498023087,29.73257902083956,44.14892260556627,11.90942212393191,-16036.907001026722,15845.593071282314,-40368.47313424507,inf,3.721645848340988,inf,14497.703820078794,25175.831899041925,5118.098764003796,0.04848757178871422,0.059292133501969206,0.024718601336512887,-20006.89242419717,-15335.484892950837,-10668.476476535581,0.0,0.07162551208412182,-0.14579006364569747
28096,Navalcarnero,33331,18.992474691937737,72.0,0,581.0,51,11.173076923076923,False,DC150,8.071599236254581,2.219468749625784,22.395560321393873,0.12011308387283604,0.027199371931688532,0.4241583394203385,False,False,False,-1267.6457239635056,12621.885938923817,-11334.231600382513,29.61432983676736,43.81046448176779,16.28411486131512,-16080.083644481327,15621.16182565886,-39450.834236604496,inf,3.7568748440687303,inf,14440.045127018795,24982.826853239483,6998.132006515589,0.04829473228435643,0.05883758324169727,0.03379849493838755,-19506.86677536568,-14570.848475749925,-9170.894813634603,0.00075,0.0718183515884796,-0.14618257858619388,8.071599236254581,2.219468749625784,22.395560321393873,0.12011308387283604,0.027199371931688532,0.4241583394203385,False,False,False,-1267.6457239635056,12621.885938923817,-11334.231600382513,29.61432983676736,43.81046448176779,16.28411486131512,-16080.083644481327,15621.16182565886,-39450.834236604496,inf,3.7568748440687303,inf,14440.045127018795,24982.826853239483,6998.132006515589,0.04829473228435643,0.05883758324169727,0.03379849493838755,-19506.86677536568,-14570.848475749925,-9170.894813634603,0.00075,0.0718183515884796,-0.14618257858619388
28015,Arroyomolinos,38075,18.47478626922205,73.0,0,1806.0,149,12.04,False,DC150,8.071599236254581,2.219468749625784,22.395560321393873,0.12011308387283604,0.027199371931688532,0.4241583394203385,False,False,False,-1336.9211477608842,12340.650870028087,-11344.695402148736,29.392117258200877,43.17443766250352,16.234230404902235,-16161.220722518476,15199.41307371461,-39461.298038370725,inf,3.8251540792895025,inf,14331.693539122742,24620.133873659033,6976.694058305093,0.04793235038845544,0.05798339734421639,0.03369495725384441,-19572.46554997577,-14660.24132041995,-9256.623048187028,0.00075,0.07218073348438059,-0.1469201883865316,8.071599236254581,2.219468749625784,22.395560321393873,0.12011308387283604,0.027199371931688532,0.4241583394203385,False,False,False,-1336.9211477608842,12340.650870028087,-11344.695402148736,29.392117258200877,43.17443766250352,16.234230404902235,-16161.220722518476,15199.41307371461,-39461.298038370725,inf,3.8251540792895025,inf,14331.693539122742,24620.133873659033,6976.694058305093,0.04793235038845544,0.05798339734421639,0.03369495725384441,-19572.46554997577,-14660.24132041995,-9256.623048187028,0.00075,0.07218073348438059,-0.1469201883865316
28131,San Lorenzo de El Escorial,18872,18.445992524622348,74.0,0,360.0,35,10.0,False,DC50,4.2367906294941955,1.192687154921629,12.415573462248426,0.12259232145527185,0.02958053459627056,0.43109630077251476,False,False,False,-1093.7208530084677,4484.129706957033,-5343.6033043659045,15.109589741795434,21.315771789937443,8.853521367094151,-7131.196900337141,5676.533127781904,-16590.2443588547,inf,4.075512975824967,inf,6493.377409697211,10393.640790134787,3292.631913382123,0.04791219476723564,0.057935887665626885,0.033689198504924474,-8499.544925371514,-6426.089900313568,-4258.209076860364,0.0005,0.07468012668803621,-0.15847104222971425,8.071599236254581,2.219468749625784,22.395560321393873,0.12011308387283604,0.027199371931688532,0.4241583394203385,False,False,True,-1340.774235394936,12325.00862192877,-11427.389473684212,29.379757831268897,43.139061955825774,15.84,-16165.733553402955,15175.955477763322,-39543.992109906205,inf,3.82903395449351,inf,14325.667041693097,24599.96095001635,6807.272727272727,0.04791219476723564,0.05793588766562688,0.03287671232876712,-19630.381015201714,-14843.870264371642,-9712.029285832412,0.0,0.0722008891056004,-0.14696121412184504
28086,El Molar,9999,15.798478252643818,75.0,0,143.0,10,13.0,False,DC50,4.2367906294941955,1.192687154921629,12.415573462248426,0.12259232145527185,0.02958053459627056,0.43109630077251476,False,False,True,-1244.8170590905384,3900.9719726210988,-5750.505263157895,14.525145671227628,19.70855059587598,6.292,-7308.16448843671,4802.01186836528,-16997.14631764669,inf,4.490354749210223,inf,6242.2113628416255,9609.9544227825,2340.0000000000005,0.04605893477685068,0.0535674891168623,0.023942161339421612,-8779.350870093394,-6844.474333685199,-4813.556784426745,0.0,0.07653338667842118,-0.16240365529859355,8.071599236254581,2.219468749625784,22.395560321393873,0.12011308387283604,0.027199371931688532,0.4241583394203385,True,False,True,-4927.416267942584,10886.742232318535,-13430.185263157895,17.875,39.88635239641567,6.292,-20366.496804412305,13019.087000573612,-41546.78789937988,inf,4.2045200003337415,inf,8715.90909090909,22745.110044237033,2704.0,0.029150358773646443,0.0535674891168623,0.013059360730593607,-22991.327925902177,-18831.469402060015,-14809.379774371722,0.0,0.0909627250991896,-0.18514997094920277
28023,El Boalo-Cerceda-Mataelpino,8770,14.815652935303705,76.0,0,266.0,17,14.77777777777778,False,DC50,4.2367906294941955,1.192687154921629,12.415573462248426,0.12259232145527185,0.02958053459627056,0.43109630077251476,False,False,False,-1300.9078527316692,3684.4888392252815,-5373.913895469466,14.308185016774164,19.111908796128947,8.662710718279563,-7373.859403766815,4477.367108786892,-16620.55494995826,inf,4.671445376704863,inf,6148.972073324435,9319.029908856264,3221.669275393226,0.0453709570547126,0.05194582734325111,0.03296313058706074,-8695.0590906841,-6681.289706586687,-4526.582918332833,0.0005,0.07722136440055925,-0.16386354230592923,8.071599236254581,2.219468749625784,22.395560321393873,0.12011308387283604,0.027199371931688532,0.4241583394203385,False,False,True,-1826.5747720558884,10352.820796747983,-12294.960000000001,27.821470865949767,38.67886303978478,11.704,-16734.715075173717,12218.402007865081,-40411.56263622199,inf,4.3591659125454925,inf,13565.84116604162,22056.54173343099,5029.818181818182,0.0453709570547126,0.051945827343251115,0.024292237442922374,-20515.39481782259,-15844.698441166614,-11291.670259963492,0.0,0.07474212681812344,-0.15213377341067016
28052,Chinchón,5800,14.447702227997125,77.0,0,76.0,0,76.0,False,DC50,4.2367906294941955,1.192687154921629,12.415573462248426,0.12259232145527185,0.02958053459627056,0.43109630077251476,True,False,True,-2543.9669421487606,3603.441759294017,-6218.8,9.5,18.888537696145757,3.344,-8829.760743869983,4355.826417066082,-17465.441054488794,inf,4.7437603156479575,inf,4082.6446280991736,9210.113422087601,1243.6363636363637,0.030124302384576356,0.051338708676195256,0.012724505327245053,-9846.77240791132,-8138.432457680003,-6411.8224888275945,0.0,0.09246801907069549,-0.19621690541933295,8.071599236254581,2.219468749625784,22.395560321393873,0.12011308387283604,0.027199371931688532,0.4241583394203385,True,True,True,-7538.347107438017,3129.9550413223133,-14048.56,9.5,22.344,3.344,-23424.483138690775,1386.7705553130797,-42165.162636221976,inf,8.425635051082994,inf,4632.231404958678,12741.619834710744,1437.0909090909092,0.015492498369210697,0.03000805801772764,0.006940639269406392,-25681.604418682855,-21858.29565765078,-18307.87925339633,0.0,0.10462058550362534,-0.21294984671537068
28085,Miraflores de la Sierra,7350,11.237645247636152,78.0,0,122.0,10,11.090909090909092,False,DC50,4.2367906294941955,1.192687154921629,12.415573462248426,0.12259232145527185,0.02958053459627056,0.43109630077251476,False,False,True,-1505.1082200955184,2896.3749171736154,-5897.284210526315,13.518332663706179,16.93981482519198,5.368000000000001,-7613.023890013402,3295.4872517680265,-17143.92526501511,inf,5.448305228147625,inf,5809.531392667118,8259.909708151461,1996.363636363637,0.042866351673345314,0.04604211465859964,0.0204261796042618,-9127.286910767374,-7239.647473660804,-5312.254590529821,0.0,0.07972596978192653,-0.16917830866696448,8.071599236254581,2.219468749625784,22.395560321393873,0.12011308387283604,0.027199371931688532,0.4241583394203385,True,False,True,-5745.767725097869,8409.062361370972,-13624.004210526316,15.250000000000002,34.28295857479329,5.368000000000001,-21324.970133066756,9303.48212457949,-41740.606846748306,inf,5.052682902443158,inf,7435.950413223141,19549.786294716836,2306.9090909090914,0.024869536855838228,0.04604211465859964,0.011141552511415527,-23831.294398670107,-19754.712075330623,-15903.068258545882,0.0,0.0952435470169978,-0.19386336484606143
28148,Torrejón de Ardoz,143526,10.031240735676755,79.0,0,1975.0,327,6.021341463414634,False,DC50,4.2367906294941955,1.192687154921629,12.415573462248426,0.12259232145527185,0.02958053459627056,0.43109630077251476,False,False,False,-1573.958895117993,2630.6448588570147,-5413.860120412296,13.252016454882115,16.207445250925815,8.41124201306717,-7693.663491851825,2896.990290172352,-16660.501174901085,inf,5.7699710315901,inf,5695.081451684877,7902.803882682834,3128.1478560993614,0.042021868514973734,0.044051547213866636,0.032006248147135354,-8980.040860065079,-6994.495304728287,-4854.2424143839335,0.00025,0.08057045294029812,-0.17097029981892944,8.071599236254581,2.219468749625784,22.395560321393873,0.12011308387283604,0.027199371931688532,0.4241583394203385,False,False,False,-2466.8096473343767,7753.681168457271,-11515.360966202941,25.767809773381895,32.800782055445104,15.420610357289812,-17484.57388786768,8320.65234718226,-39631.96360242492,inf,5.320225060249156,inf,12564.469228343238,18704.57819690671,6627.039161810498,0.042021868514973734,0.04405154721386664,0.032006248147135354,-20795.83085207679,-16011.780455694507,-10822.762403534223,0.0,0.0780912153578623,-0.15895067170788799
28067,Guadalix de la Sierra,6993,2.9072508392766223,80.0,0,141.0,14,9.4,False,DC50,4.2367906294941955,1.192687154921629,12.415573462248426,0.12259232145527185,0.02958053459627056,0.43109630077251476,False,False,True,-1980.5319047164066,1061.4711431995274,-5764.484210526315,11.679381437271994,11.882698952497979,6.204000000000001,-8169.8517877772265,543.8091639322658,-17011.125265015107,inf,8.537074464164856,inf,5019.238303621022,5794.043290887444,2307.272727272728,0.03703507558749364,0.03229696388480642,0.02360730593607306,-9441.467847204098,-7553.218567163221,-5574.290530625254,0.0,0.08555724586777821,-0.18155226195060503,8.071599236254581,2.219468749625784,22.395560321393873,0.12011308387283604,0.027199371931688532,0.4241583394203385,True,False,True,-5005.354501957374,3883.562190681914,-13448.644210526316,17.625,24.048319308626862,6.204000000000001,-20457.779978569873,2516.902995576113,-41565.246846748305,inf,7.7293684873926125,inf,8594.00826446281,13713.504399134326,2666.1818181818185,0.0287426614481409,0.03229696388480642,0.012876712328767125,-23344.73497296427,-19214.93770110982,-15421.21064260809,0.0,0.09137042242469513,-0.18597981798699886
28180,Villarejo de Salvanés,8042,2.128841013893809,81.0,0,85.0,8,9.444444444444445,False,DC50,4.2367906294941955,1.192687154921629,12.415573462248426,0.12259232145527185,0.02958053459627056,0.43109630077251476,True,False,True,-2253.120922140061,890.0138200192323,-6155.894736842105,10.625,11.410151256622488,3.74,-8489.114740876754,286.6864930401756,-17402.535791330898,inf,8.988972718977129,inf,4566.115702479339,5563.627472237412,1390.909090909091,0.033691653982749876,0.03101258767292479,0.014231354642313546,-9842.880545361282,-8103.536237815355,-6356.830143854231,0.0,0.08890066747252198,-0.18864699424170564,8.071599236254581,2.219468749625784,22.395560321393873,0.12011308387283604,0.027199371931688532,0.4241583394203385,True,False,True,-7187.625054371467,3460.6898001380832,-13965.494736842105,10.625,23.091972781259795,3.74,-23013.70885498173,1882.750563435213,-42082.09737306409,inf,8.114631931132333,inf,5180.785123966942,13168.149767825833,1607.2727272727273,0.017327136333985648,0.031012587672924787,0.007762557077625571,-25321.75167594128,-21446.466535620842,-17906.48027702635,0.0,0.10278594753885038,-0.20921553504528848
28133,San Martín de Valdeiglesias,9324,0.1057316722845277,82.0,0,107.0,12,8.23076923076923,False,DC50,4.2367906294941955,1.192687154921629,12.415573462248426,0.12259232145527185,0.02958053459627056,0.43109630077251476,False,False,True,-2140.4173194538957,444.391345967354,-6002.126315789474,11.060940478120154,10.181986314830425,4.708000000000001,-8357.113512952674,-381.58266346166755,-17248.767370278267,inf,10.29221205545022,inf,4753.462023654943,4964.770186570207,1750.9090909090914,0.03507401217059917,0.027674457259269473,0.017914764079147643,-9700.429625787188,-7878.706391718926,-6009.631095307176,0.0,0.08751830928467269,-0.18571363362117052,8.071599236254581,2.219468749625784,22.395560321393873,0.12011308387283604,0.027199371931688532,0.4241583394203385,True,False,True,-6330.304480208786,2361.6323939739978,-13762.446315789473,13.375000000000002,20.60640087525205,4.708000000000001,-22009.593939248498,234.57030204455194,-41879.048952011464,inf,9.25888982109081,inf,6521.694214876034,11750.757523904062,2023.2727272727277,0.021811806914546643,0.027674457259269473,0.009771689497716897,-24558.247980684795,-20518.80751996796,-16842.599007957324,0.0,0.09830127695828939,-0.2000872176295318
28132,San Martín de la Vega,21010,0.0,83.0,0,374.0,94,3.9368421052631577,False,DC150,8.071599236254581,2.219468749625784,22.395560321393873,0.12011308387283604,0.027199371931688532,0.4241583394203385,False,False,False,-3809.158486298392,2304.1934928229657,-11718.117894736843,21.462,20.4765,14.454,-19056.765821599554,148.43316072495887,-39834.72053095883,inf,9.324708204312522,inf,10464.94214876033,11676.681818181818,6211.636363636364,0.035,0.0275,0.03,-22318.00386302008,-17632.64749474149,-12613.086845073534,0.0,0.08511308387283603,-0.17324332565090503,8.071599236254581,2.219468749625784,22.395560321393873,0.12011308387283604,0.027199371931688532,0.4241583394203385,False,False,False,-3809.158486298392,2304.1934928229657,-11718.117894736843,21.462,20.4765,14.454,-19056.765821599554,148.43316072495887,-39834.72053095883,inf,9.324708204312522,inf,10464.94214876033,11676.681818181818,6211.636363636364,0.035,0.0275,0.03,-22318.00386302008,-17632.64749474149,-12613.086845073534,0.0,0.08511308387283603,-0.17324332565090503
