param,label,value_low,value_base,value_high,margin_low,margin_high,be_util_low,be_util_high,swing
util,Utilization (time charging),0.04,0.07,0.11,-13459.281582257609,10050.152222978566,0.12011308387283604,0.12011308387283604,23509.433805236175
capex,Capex (hardware + install + grid),150000.0,110000.0,80000.0,-9344.989499325118,1087.0747094701583,0.14673745337969787,0.10014480674268966,10432.064208795276
avg_kw,Average delivered power,55.0,70.0,85.0,-8421.545766849855,1653.9258639656487,0.15287119765633678,0.09891665730704144,10075.471630815504
price,Selling price,0.52,0.59,0.69,-7397.391713369625,2349.8782798829466,0.14484058394464472,0.0965625554932464,9747.269993252572
elasticity,Score -> utilization slope,0.25,0.5,0.75,-7302.048918981464,534.4290160972637,0.12011308387283604,0.12011308387283604,7836.4779350787285
demand_growth,Net demand growth per charger,0.0,0.04,0.08,-6820.719215573472,804.8865138805088,0.1406793942968469,0.10194878018364711,7625.6057294539805
lifetime,Asset lifetime,8.0,10.0,12.0,-6884.866172399249,-844.5280933600518,0.13676686961373044,0.10865642951255682,6040.3380790391975
subsidy,Capex subsidy,0.0,0.0,0.3,-3383.8099514421015,1534.1631755613844,0.12011308387283604,0.09814797902967504,4917.973127003486
energy_cost,"Electricity cost (variable, all-in)",0.16,0.13,0.1,-5765.193049807078,-1002.4268530771235,0.1336512598170202,0.1090653340512581,4762.766196729955
power_charge,Fixed power charge (termino de potencia),45.0,30.0,15.0,-5633.809951442101,-1133.809951442105,0.13016224124332873,0.11006392650234331,4499.999999999996
opex,"Opex (maintenance, software, SIM, insurance, site)",8000.0,6000.0,4500.0,-5383.809951442097,-1883.8099514421035,0.1290456682021629,0.11341364562584087,3499.9999999999936
discount_rate,Discount rate (WACC),0.1,0.08,0.06,-5028.581476059242,-1795.1772635077775,0.12758981512270604,0.1129700311406926,3233.4042125514643
fee_share,Payment / roaming / app fees,0.12,0.08,0.04,-4854.625628173306,-1912.994274710892,0.12812920383601095,0.11304092845388287,2941.631353462414
kwh_per_ev,Annual consumption per resident EV,2200.0,2500.0,2800.0,-3383.8099514421015,-3383.8099514421015,0.12011308387283604,0.12011308387283604,0.0
public_share,Share of EV energy bought at public chargers,0.2,0.25,0.35,-3383.8099514421015,-3383.8099514421015,0.12011308387283604,0.12011308387283604,0.0
capture,Max share of zone public demand one new charger can win,0.1,0.2,0.3,-3383.8099514421015,-3383.8099514421015,0.12011308387283604,0.12011308387283604,0.0
