param,label,margin_low,margin_high,swing
util,Utilization (time charging),-248412.63609278848,70586.47042032299,318999.1065131115
capex,Capex (hardware + install + grid),-204198.20026575468,-39371.58576678932,164826.61449896535
price,Selling price,-167786.72796140297,-35067.99020418168,132718.73775722127
avg_kw,Average delivered power,-177003.33278390014,-45106.20687626496,131897.1259076352
demand_growth,Net demand growth per charger,-157909.79958529025,-53950.702647841536,103959.09693744872
lifetime,Asset lifetime,-164915.22787675768,-72428.82744854498,92486.4004282127
subsidy,Capex subsidy,-111054.76983008256,-33037.83249716361,78016.93733291895
elasticity,Score -> utilization slope,-146036.37819524566,-76073.16146491948,69963.21673032618
power_charge,Fixed power charge (termino de potencia),-145554.7698300825,-76554.76983008257,68999.99999999994
energy_cost,"Electricity cost (variable, all-in)",-144715.6080152236,-77393.93164494142,67321.67637028219
opex,"Opex (maintenance, software, SIM, insurance, site)",-144054.7698300825,-84554.7698300826,59499.99999999991
discount_rate,Discount rate (WACC),-136843.39790611892,-86167.51018131392,50675.887724805
fee_share,Payment / roaming / app fees,-131331.52287712277,-90778.0167830423,40553.50609408047
capture,Max share of zone public demand one new charger can win,-120984.2110544395,-111054.76983008256,9929.441224356939
public_share,Share of EV energy bought at public chargers,-111054.76983008256,-111054.76983008256,0.0
kwh_per_ev,Annual consumption per resident EV,-111054.76983008256,-111054.76983008256,0.0
