,variance_share,p10_p90_narrowing
Utilization (time charging),0.493838895186841,0.30679132653316266
Average delivered power,0.0970126395208989,0.05600783824103128
Capex (hardware + install + grid),0.08953634690686119,0.0531973144978658
Selling price,0.07704910942080115,0.06983256180010489
Score -> utilization slope,0.05541109971168941,0.028909622492595988
Net demand growth per charger,0.05218975434577584,0.03179411904089402
Capex subsidy,0.030589446803223983,0.014569622139696814
Asset lifetime,0.030515426920561316,-0.016915935213076327
"Electricity cost (variable, all-in)",0.024964139808152618,0.019347591859570357
"Opex (maintenance, software, SIM, insurance, site)",0.017466693521966548,0.01424444044173967
Payment / roaming / app fees,0.012350579168383948,0.00182862926886318
Fixed power charge (termino de potencia),0.011830395717871972,0.012516443347026396
Discount rate (WACC),0.005994074768895028,0.00881405470986607
Max share of zone public demand one new charger can win,0.0010700883900677943,0.0
Annual consumption per resident EV,0.00017879519287042548,0.0
Share of EV energy bought at public chargers,2.5146151389522544e-06,0.0
