ine_code,name,population,eligible,score,rank,rank_best,rank_worst,top20_in_scenarios,ev_resident_est,pop_density_km2,public_points,public_fast_sites,evs_per_public_point,expected,model_ratio,p_shortfall,fuel_stations,dist_nearest_public_km,fleet_domicile_flag,pct_market,pct_home_gap,pct_scarcity,pct_model,pct_sites,pct_missing
28130,San Fernando de Henares,39059,True,100.0,1.0,1.0,4.0,5,2344.0,998.1938627320576,12,6,180.30769230769232,42.85982566139892,0.29639880697112103,0.2123399463769236,12,1.4651060365715765,False,0.8554216867469879,0.6746987951807228,0.9759036144578314,0.8554216867469879,0.7951807228915663,0.9397590361445783
28022,Boadilla del Monte,66349,True,95.81141587637471,2.0,1.0,3.0,5,11099.0,1406.9818543380131,102,15,107.75728155339806,155.0029522492186,0.660243915355236,0.4516325923452648,5,0.3852149019011641,False,0.9879518072289156,0.7710843373493976,0.8795180722891566,0.6746987951807228,0.608433734939759,0.9759036144578314
28115,Pozuelo de Alarcón,89770,True,90.43472962796281,3.0,2.0,4.0,5,8964.0,2075.397237441142,193,13,46.20618556701031,251.57972173646027,0.7680743278449649,0.5103789162766059,11,0.6496047389015913,False,0.9759036144578314,0.8554216867469879,0.7228915662650602,0.5301204819277109,0.7650602409638554,0.9879518072289156
28010,Alpedrete,15686,True,86.7721858326321,4.0,2.0,12.0,5,417.0,1202.166566378117,2,1,139.0,20.17814491304123,0.14165546662930983,0.0978463836334839,3,1.7762823260726741,False,0.5301204819277109,0.7349397590361446,0.9518072289156626,0.9759036144578314,0.4759036144578313,0.927710843373494
28181,Villaviciosa de Odón,30127,True,78.63179349910764,5.0,5.0,11.0,5,1295.0,443.59342998116733,28,3,44.6551724137931,42.252350112607786,0.670483798556571,0.4611422599994579,5,1.4987506792393084,False,0.7469879518072289,0.5060240963855421,0.6987951807228916,0.6626506024096386,0.608433734939759,0.891566265060241
28073,Humanes de Madrid,20500,True,78.17072164592727,6.0,5.0,16.0,5,398.0,1043.0892138474555,8,3,44.22222222222222,20.230977580245344,0.42390888342203203,0.3094561232081611,11,0.9905199064406544,False,0.5060240963855421,0.6987951807228916,0.6867469879518072,0.7951807228915663,0.7650602409638554,0.8674698795180723
28079,Madrid,3506730,True,78.05508289650629,7.0,3.0,19.0,5,87717.0,5807.087604986979,3664,285,23.93369713506139,4557.595919906533,0.8039756241599816,0.5280435580897521,248,0.04980273582865505,False,1.0,0.9879518072289156,0.37349397590361444,0.4819277108433735,1.0,1.0
28104,Paracuellos de Jarama,27650,True,77.2702978845739,8.0,7.0,12.0,5,1282.0,628.0579659576752,25,1,49.30769230769231,36.394829659377926,0.6952832847970919,0.4759632902699739,3,1.812734925976875,False,0.7349397590361446,0.6144578313253012,0.7349397590361446,0.6144578313253012,0.4759036144578313,0.8554216867469879
28061,Galapagar,36758,True,77.12936569408606,9.0,9.0,11.0,5,1168.0,566.073566365057,27,6,41.714285714285715,39.36768288809296,0.6936241566706077,0.4746023919263822,10,1.4990851163911683,False,0.6867469879518072,0.5903614457831325,0.6385542168674698,0.6265060240963856,0.7289156626506024,0.8795180722891566
28106,Parla,137471,True,76.34670719265593,10.0,6.0,16.0,5,1243.0,5491.589194343996,49,12,24.86,81.9463166586373,0.6027995215962786,0.4188840738718375,14,0.3425292099296106,False,0.7228915662650602,0.9759036144578314,0.39759036144578314,0.7228915662650602,0.8192771084337349,0.9518072289156626
28045,Colmenar Viejo,58730,True,74.53818032765108,11.0,11.0,17.0,5,1500.0,321.9466417924735,40,5,36.58536585365854,57.15954327626553,0.7049573928949987,0.47926000262976,11,0.4267718540715043,False,0.7710843373493976,0.3855421686746988,0.6024096385542169,0.5903614457831325,0.7650602409638554,0.9156626506024096
28092,Móstoles,214817,True,73.15313409892484,12.0,5.0,21.0,4,2219.0,4764.6400135052445,110,18,19.99099099099099,157.89864471689424,0.698558506888249,0.4733314465848561,21,0.9674608418226485,False,0.8433734939759037,0.9397590361445783,0.3253012048192771,0.6024096385542169,0.9096385542168675,0.963855421686747
28161,Valdemoro,85972,True,71.16374476901738,13.0,8.0,24.0,4,1741.0,1345.3383606793875,64,11,26.784615384615385,78.56843893309319,0.8169068147064771,0.5372224463741582,16,1.494752685797567,False,0.7951807228915663,0.7469879518072289,0.42168674698795183,0.46987951807228917,0.8734939759036144,0.9036144578313253
28009,Algete,21144,True,70.90363591041809,14.0,14.0,20.0,5,747.0,558.6134224329509,17,2,41.5,25.05100351801152,0.6909522693647828,0.4761015457906323,4,2.562120319582774,False,0.6144578313253012,0.5662650602409639,0.6265060240963856,0.6385542168674698,0.5662650602409639,0.7951807228915663
28066,Griñón,10799,True,69.87634172333146,15.0,8.0,29.0,3,319.0,624.5560925810777,4,1,63.8,11.4841208637375,0.40050877867767604,0.2995670442501966,3,0.9545588685542727,False,0.3855421686746988,0.6024096385542169,0.7951807228915663,0.8072289156626506,0.4759036144578313,0.7831325301204819
28041,Cobeña,7670,True,69.27991345282717,16.0,7.0,33.0,3,305.0,368.0835204271242,3,1,76.25,11.06588168023638,0.33151327901316174,0.2495797771765002,3,0.7818471237345179,False,0.37349397590361444,0.46987951807228917,0.8313253012048193,0.8433734939759037,0.4759036144578313,0.8072289156626506
28167,Velilla de San Antonio,14468,True,68.46264861241619,17.0,12.0,35.0,2,360.0,1007.603587266078,2,0,120.0,11.402543519868033,0.24188586762015418,0.180666937079443,1,1.5142378738742015,False,0.4397590361445783,0.6867469879518072,0.927710843373494,0.8795180722891566,0.13855421686746988,0.8433734939759037
28053,Daganzo de Arriba,10764,True,68.23180281944722,18.0,14.0,27.0,3,449.0,246.74481878625542,6,1,64.14285714285714,11.558719326675645,0.5573816738727081,0.4054513669388191,3,2.9097410440848166,False,0.5542168674698795,0.3373493975903614,0.8072289156626506,0.7590361445783133,0.4759036144578313,0.6746987951807228
28084,Mejorada del Campo,25049,True,67.00512690991114,19.0,16.0,24.0,4,389.0,1394.6919925289142,11,4,32.416666666666664,18.2800486300874,0.6224050691072143,0.4393484859940454,5,1.4976653021133568,False,0.46987951807228917,0.7590361445783133,0.5421686746987951,0.6987951807228916,0.608433734939759,0.7590361445783133
28065,Getafe,193238,True,65.65752378605262,20.0,6.0,29.0,4,3726.0,2458.6779733111935,184,23,20.14054054054054,190.250157516862,0.9673194647365927,0.6056154666816974,30,1.7072893940394338,False,0.9156626506024096,0.8795180722891566,0.3373493975903614,0.39759036144578314,0.9759036144578314,0.7228915662650602
28160,Valdemorillo,14420,True,65.47126595890732,21.0,11.0,43.0,1,583.0,154.03548675813843,4,0,116.6,13.084139005506788,0.3550092766086048,0.2647428741330463,2,0.81503438680333,False,0.5903614457831325,0.13253012048192772,0.9156626506024096,0.8313253012048193,0.3132530120481928,0.8313253012048193
28177,Villanueva del Pardillo,18466,True,62.59928803343476,22.0,19.0,26.0,1,735.0,729.024983443435,16,1,43.23529411764706,20.91258641609429,0.7758098326318016,0.5235707589292071,2,0.14636906276739742,False,0.6024096385542169,0.6385542168674698,0.6746987951807228,0.5060240963855421,0.3132530120481928,0.6506024096385542
28046,Collado Mediano,7722,True,62.47919535063274,23.0,13.0,45.0,1,259.2721180473879,346.5206702872876,0,0,259.2721180473879,8.645541916583824,0.10367483845367721,0.0750700015755564,1,3.7560979863443316,True,0.3132530120481928,0.4457831325301205,1.0,1.0,0.13855421686746988,0.8192771084337349
28083,Meco,15922,True,61.63319220793326,24.0,19.0,32.0,1,392.0,454.04777466516595,12,2,30.153846153846153,17.87934542822671,0.6885831952925424,0.4780098078307945,6,1.8257296391380877,False,0.4819277108433735,0.5180722891566265,0.5060240963855421,0.6506024096385542,0.6445783132530121,0.6987951807228916
28129,San Agustín del Guadalix,13825,True,60.83653852464982,25.0,23.0,39.0,0,445.0,361.3891010850473,8,2,49.44444444444444,15.08738611459511,0.5594445198176007,0.4029162990479994,1,0.5405818677494538,False,0.5421686746987951,0.4578313253012048,0.7469879518072289,0.7469879518072289,0.13855421686746988,0.7469879518072289
28152,Torrelodones,25433,True,59.35615765819294,26.0,17.0,32.0,2,1463.0,1160.9531635705505,42,7,34.02325581395349,45.36496283652286,0.9274244465937069,0.5915438404110696,2,0.22608819313588407,False,0.7590361445783133,0.7108433734939759,0.5783132530120482,0.42168674698795183,0.3132530120481928,0.5421686746987951
28072,Hoyo de Manzanares,9310,True,56.43364116609363,27.0,20.0,49.0,1,327.0,205.4291038925056,2,0,109.0,9.30986172309762,0.2909835340738831,0.2214627620779395,1,0.876890981708133,False,0.39759036144578314,0.21686746987951808,0.891566265060241,0.8674698795180723,0.13855421686746988,0.7710843373493976
28013,Aranjuez,63040,True,53.71577802660757,28.0,24.0,37.0,0,776.0,334.5934459721568,37,6,20.42105263157895,42.63845085210056,0.8707916816018424,0.5657111917122514,7,3.3768289400835383,False,0.6265060240963856,0.42168674698795183,0.3493975903614458,0.4457831325301205,0.6746987951807228,0.6867469879518072
28903,Tres Cantos,54592,True,52.39209301312848,29.0,18.0,42.0,2,1736.0,1437.8181333815028,83,6,20.666666666666668,84.0573087754664,0.9875694541634573,0.6156499268470293,7,0.11648566315089233,False,0.7831325301204819,0.7831325301204819,0.3614457831325301,0.37349397590361444,0.6746987951807228,0.39759036144578314
28068,Guadarrama,17547,True,51.90685154207826,30.0,30.0,41.0,0,396.0,309.47253042931555,13,3,28.285714285714285,16.71514836089034,0.7902840955544997,0.5334515149983019,4,2.085045426754321,False,0.4939759036144578,0.37349397590361444,0.4578313253012048,0.4939759036144578,0.5662650602409639,0.5783132530120482
28018,Becerril de la Sierra,6737,True,50.6247625691738,31.0,22.0,57.0,0,168.0,227.01295683864535,0,0,168.0,5.988392620278825,0.14309442161251978,0.1110500992860835,1,2.6818618555257965,False,0.19879518072289157,0.2891566265060241,0.963855421686747,0.963855421686747,0.13855421686746988,0.7108433734939759
28058,Fuenlabrada,190076,True,50.447062856371325,32.0,15.0,49.0,1,2027.0,4870.486514069285,139,24,14.478571428571428,141.08322587477943,0.9853379886193222,0.6137088871355273,23,0.4006250138325611,False,0.8313253012048193,0.9518072289156626,0.21686746987951808,0.3855421686746988,0.927710843373494,0.4578313253012048
28149,Torrejón de la Calzada,10653,True,50.31688200302943,33.0,33.0,39.0,0,354.0,1193.6508542870952,8,0,39.333333333333336,9.365323951087827,0.8682796642410257,0.5809467389758186,2,0.22718762747126925,False,0.42168674698795183,0.7228915662650602,0.6144578313253012,0.4578313253012048,0.3132530120481928,0.42168674698795183
28054,El Escorial,17171,True,49.54546572427229,34.0,34.0,46.0,0,400.0,249.2568255004064,10,1,36.36363636363637,14.41163368257321,0.7137465259402259,0.4947007979715607,1,3.088746224679081,False,0.5180722891566265,0.3493975903614458,0.5903614457831325,0.5783132530120482,0.13855421686746988,0.6144578313253012
28127,Las Rozas de Madrid,99037,True,48.71970567750692,35.0,5.0,51.0,1,5406.0,1693.7033473996728,191,12,28.15625,165.08477479853917,1.1560361281333342,0.6799820700756026,10,0.5211805919134972,False,0.963855421686747,0.8192771084337349,0.4457831325301205,0.3373493975903614,0.7289156626506024,0.18674698795180722
28004,El Álamo,10594,True,48.5170544067624,36.0,28.0,52.0,0,168.0,477.90457127363624,4,0,33.6,7.634231675550513,0.5790903218590325,0.4272543905240717,3,0.39969504211633,False,0.19879518072289157,0.5301204819277109,0.5662650602409639,0.7349397590361446,0.4759036144578313,0.5662650602409639
28032,Camarma de Esteruelas,8331,True,44.146197164634806,37.0,30.0,63.0,0,182.0,235.31508097139152,0,0,182.0,5.097490154474649,0.16400190482737378,0.1309007139703475,0,4.006715032899621,False,0.24096385542168675,0.3253012048192771,0.9879518072289156,0.9518072289156626,0.030120481927710843,0.6626506024096386
28038,Cercedilla,7772,True,44.02411501727313,38.0,27.0,67.0,0,138.0,217.56417447216143,0,0,138.0,6.538238465985041,0.13265698671013418,0.1013217123139393,1,4.992731935427837,False,0.12048192771084337,0.24096385542168675,0.9397590361445783,0.9879518072289156,0.13855421686746988,0.7349397590361446
28141,Sevilla la Nueva,9802,True,42.94096215192883,39.0,39.0,53.0,0,212.0,392.1706835871554,6,0,30.285714285714285,8.45880091562818,0.7400515205298741,0.5183674774164343,2,1.4709811187505917,False,0.25301204819277107,0.4939759036144578,0.5180722891566265,0.5662650602409639,0.3132530120481928,0.46987951807228917
28059,Fuente el Saz de Jarama,7413,True,42.2625095792383,40.0,34.0,61.0,0,166.0,223.2721383664111,4,0,33.2,7.199481343485805,0.6097946675581282,0.4475990843494607,3,1.1886034554538423,False,0.18072289156626506,0.27710843373493976,0.5542168674698795,0.7108433734939759,0.4759036144578313,0.5180722891566265
28082,Manzanares el Real,9648,True,41.477132096323935,41.0,31.0,66.0,0,230.0,75.66985260186367,4,0,46.0,8.891858750508149,0.5054661743671934,0.3764903858992222,2,2.3408150629092765,False,0.27710843373493976,0.04819277108433735,0.7108433734939759,0.7710843373493976,0.3132530120481928,0.6385542168674698
28075,Loeches,9261,True,40.981081021856404,42.0,42.0,54.0,0,290.0,209.89361305264043,9,3,29.0,9.89686057734834,0.9176955077123155,0.6026774357920107,6,1.2951579848514188,False,0.3614457831325301,0.2289156626506024,0.46987951807228917,0.43373493975903615,0.6445783132530121,0.3855421686746988
28100,Nuevo Baztán,7429,True,40.715861650267435,43.0,43.0,55.0,0,213.0,369.8952636554328,4,0,42.6,5.483184956745586,0.771225876380039,0.5463684211056966,1,1.3864471433240835,False,0.26506024096385544,0.4819277108433735,0.6626506024096386,0.5180722891566265,0.13855421686746988,0.43373493975903615
28172,Villalbilla,18687,True,40.38401179696634,44.0,26.0,55.0,0,786.0,537.2975575813825,27,4,28.071428571428573,23.179141241628827,1.1580229305990761,0.6878252266664435,5,0.2861155983547829,False,0.6385542168674698,0.5542168674698795,0.43373493975903615,0.3253012048192771,0.608433734939759,0.18674698795180722
28006,Alcobendas,123342,True,39.1990006916949,45.0,15.0,60.0,1,4657.96408379851,2718.534463252261,281,45,16.51760313403727,191.85441116148087,1.4622429339398193,0.7731163907098328,21,0.2725232099714539,True,0.9518072289156626,0.9036144578313253,0.26506024096385544,0.20481927710843373,0.9096385542168675,0.18674698795180722
28176,Villanueva de la Cañada,24028,True,38.72101183543758,46.0,28.0,56.0,0,1109.0,688.479261707645,41,3,26.404761904761905,31.748228999067287,1.2825121016833068,0.7268986431203331,3,0.17303914733867407,False,0.6746987951807228,0.6265060240963856,0.40963855421686746,0.2891566265060241,0.4759036144578313,0.18674698795180722
28014,Arganda del Rey,60419,True,38.44464026453713,47.0,27.0,58.0,0,1182.0,755.6421523128594,60,10,19.37704918032787,49.92258527109996,1.1978967618248413,0.6972721446660562,14,0.2173275022198125,False,0.6987951807228916,0.6506024096385542,0.30120481927710846,0.30120481927710846,0.8192771084337349,0.18674698795180722
28113,Pinto,56651,True,38.3976340130616,48.0,31.0,57.0,0,1098.0,913.8039286443824,60,11,18.0,54.80868434192708,1.0930198537967122,0.6592151703136352,16,0.2588548255733602,False,0.6626506024096386,0.6626506024096386,0.27710843373493976,0.3493975903614458,0.8734939759036144,0.18674698795180722
28044,Colmenarejo,9640,True,37.80739854182914,49.0,46.0,62.0,0,252.0,305.262234592797,4,0,50.4,6.682120000980326,0.6508620015519079,0.4740350395080208,0,3.207701144078501,False,0.30120481927710846,0.3614457831325301,0.7590361445783133,0.6867469879518072,0.030120481927710843,0.4819277108433735
28123,Rivas-Vaciamadrid,103148,True,37.60294074396758,50.0,14.0,61.0,1,3937.0,1518.7326462062254,199,19,19.685,126.48219637844392,1.5688465188211818,0.7994804728532781,15,0.1066901201664197,False,0.9397590361445783,0.7951807228915663,0.3132530120481928,0.14457831325301204,0.8493975903614458,0.18674698795180722
28151,Torrelaguna,5081,True,33.48207616166468,51.0,38.0,72.0,0,112.53999674289246,117.62017176615149,0,0,112.53999674289246,3.2609534975162773,0.23468925454898837,0.2007516469048025,1,4.221362481901777,True,0.0963855421686747,0.10843373493975904,0.9036144578313253,0.891566265060241,0.13855421686746988,0.5301204819277109
28090,Moralzarzal,14772,True,33.29974298241647,52.0,44.0,59.0,0,485.70023819872915,339.164794201028,19,2,24.285011909936458,15.999543747999509,1.1765021636156312,0.6978446643976238,2,4.292876719005485,True,0.5662650602409639,0.43373493975903615,0.3855421686746988,0.3132530120481928,0.3132530120481928,0.18674698795180722
28154,Torres de la Alameda,7824,True,33.26691889770504,53.0,50.0,69.0,0,162.0,179.91990858080763,4,1,32.4,5.577252215365134,0.7601958745506958,0.5400586886289909,2,0.26731898240412943,False,0.1686746987951807,0.1686746987951807,0.5301204819277109,0.5421686746987951,0.3132530120481928,0.4457831325301205
28108,Pedrezuela,6606,True,32.498174592101996,54.0,48.0,71.0,0,159.0,233.23188979020347,2,0,53.0,4.9596422530668045,0.5033859202632865,0.3901024815433462,0,2.1987338323120618,False,0.1566265060240964,0.3132530120481928,0.7710843373493976,0.7831325301204819,0.030120481927710843,0.4939759036144578
28089,Moraleja de Enmedio,5580,True,31.492575318224926,55.0,54.0,68.0,0,180.0,178.56522056049755,5,2,30.0,5.206948526131917,0.9666585722016798,0.6400936952955413,2,1.9648619959923326,False,0.2289156626506024,0.1566265060240964,0.4939759036144578,0.40963855421686746,0.3132530120481928,0.37349397590361444
28080,Majadahonda,73625,True,31.265069123794976,56.0,21.0,67.0,0,3760.5951165858914,1918.5943072062032,232,25,16.139893204231292,128.10138128831198,1.804783168660755,0.8470605794790671,11,0.44583210557681807,True,0.927710843373494,0.8433734939759037,0.25301204819277107,0.08433734939759036,0.7650602409638554,0.18674698795180722
28164,Valdetorres de Jarama,5175,True,31.101169898798286,57.0,41.0,74.0,0,109.0,154.50061901693297,1,1,54.5,4.1732830276759545,0.3866016974714952,0.312989553396793,1,0.6237354509365217,False,0.08433734939759036,0.14457831325301204,0.7831325301204819,0.8192771084337349,0.13855421686746988,0.5060240963855421
28033,Campo Real,6974,True,30.595107702332903,58.0,52.0,71.0,0,170.0,112.7995269990333,3,1,42.5,4.303857790438407,0.7541680335417453,0.5458147543701628,1,2.917438587686705,False,0.21686746987951808,0.08433734939759036,0.6506024096385542,0.5542168674698795,0.13855421686746988,0.40963855421686746
28171,Villa del Prado,7743,True,30.511232457994907,59.0,35.0,76.0,0,93.0,98.73553409345494,0,0,93.0,4.745544636460131,0.17404790377124402,0.1405921155314285,2,10.413295556190013,False,0.04819277108433735,0.07228915662650602,0.8554216867469879,0.9397590361445783,0.3132530120481928,0.6265060240963856
28005,Alcalá de Henares,203208,True,30.266769427756135,60.0,32.0,65.0,0,2815.0,2325.5516068886377,260,34,10.78544061302682,170.09331630803982,1.5254833188813197,0.7889698454432903,31,0.4352865292603392,False,0.9036144578313253,0.8674698795180723,0.13253012048192772,0.18072289156626506,0.9879518072289156,0.18674698795180722
28134,San Sebastián de los Reyes,96992,True,30.017063259218872,61.0,30.0,68.0,0,2664.0,1644.326161096824,207,22,12.807692307692308,116.36183362662707,1.772296781436865,0.8413349867699675,17,0.09648631876914669,False,0.8795180722891566,0.8072289156626506,0.18072289156626506,0.12048192771084337,0.891566265060241,0.18674698795180722
28049,Coslada,80512,True,28.320115301336873,62.0,41.0,66.0,0,1196.0,6692.186291272216,112,10,10.584070796460177,76.78845948743171,1.452657640279628,0.7719789665221346,14,0.4475342149408181,False,0.7108433734939759,1.0,0.12048192771084337,0.21686746987951808,0.8192771084337349,0.18674698795180722
28040,Ciempozuelos,26350,True,27.803844039956125,63.0,53.0,63.0,0,278.0,532.3430930384744,20,3,13.238095238095237,19.157225501407144,1.0418100446678054,0.6459531875433606,7,2.2179584767224267,False,0.3493975903614458,0.5421686746987951,0.20481927710843373,0.3614457831325301,0.6746987951807228,0.18674698795180722
28074,Leganés,195734,True,27.462624104922405,64.0,34.0,69.0,0,2746.0,4554.350498884606,261,27,10.48091603053435,167.51062630091346,1.5547980904903904,0.7959207527066459,27,0.21346626526824655,False,0.891566265060241,0.927710843373494,0.10843373493975904,0.1566265060240964,0.9518072289156626,0.18674698795180722
28043,Colmenar de Oreja,9127,True,25.930681323034676,65.0,43.0,78.0,0,100.0,72.184946702407,0,0,100.0,3.751210357006996,0.21047268482339848,0.1764263379517203,1,11.284120938281761,False,0.060240963855421686,0.03614457831325301,0.8674698795180723,0.9156626506024096,0.13855421686746988,0.5903614457831325
28091,Morata de Tajuña,8397,True,25.09050884673246,66.0,45.0,79.0,0,83.0,185.73951972434378,0,0,83.0,4.312417909677295,0.18823820283008294,0.1544310700031625,1,7.64043003755018,False,0.024096385542168676,0.18072289156626506,0.8433734939759037,0.927710843373494,0.13855421686746988,0.6024096385542169
28144,Soto del Real,9400,True,24.56556642872046,67.0,57.0,67.0,0,329.0,217.67355413835392,16,4,19.352941176470587,11.41051184160295,1.369806517005367,0.7621153080745091,2,0.41270905502939104,False,0.40963855421686746,0.25301204819277107,0.2891566265060241,0.25301204819277107,0.3132530120481928,0.18674698795180722
28050,Cubas de la Sagra,7238,True,21.878131663963313,68.0,63.0,75.0,0,239.0,564.8271774145059,7,0,29.875,5.126920523163353,1.3057130363867637,0.760302018823868,0,1.0499989849823175,False,0.2891566265060241,0.5783132530120482,0.4819277108433735,0.27710843373493976,0.030120481927710843,0.18674698795180722
28007,Alcorcón,175719,True,21.46987350671534,69.0,44.0,74.0,0,2358.0,5207.797816543005,275,28,8.543478260869565,182.35508761337385,1.5052759298502751,0.7839914311701655,29,0.7919322890910804,False,0.8674698795180723,0.963855421686747,0.04819277108433735,0.1927710843373494,0.963855421686747,0.18674698795180722
28047,Collado Villalba,67274,True,20.70090866828446,70.0,47.0,75.0,0,1003.0,2663.6576188633517,102,21,9.737864077669903,57.01641619706419,1.775359574954444,0.84316079752186,15,0.7477378108990499,False,0.6506024096385542,0.891566265060241,0.08433734939759036,0.10843373493975904,0.8493975903614458,0.18674698795180722
28026,Brunete,11287,True,19.26795969816316,71.0,61.0,72.0,0,270.6686846348161,231.15221489239406,16,2,15.92168733145977,9.601035810566977,1.6036168827063688,0.8215118847130842,2,0.0859196249383603,True,0.3373493975903614,0.30120481927710846,0.24096385542168675,0.13253012048192772,0.3132530120481928,0.18674698795180722
28096,Navalcarnero,33331,True,18.992474691937737,72.0,52.0,76.0,0,581.0,332.24815930978036,51,6,11.173076923076923,26.781813077810437,1.8717280925604107,0.8623090964058034,8,0.3649813309415642,False,0.5783132530120482,0.39759036144578314,0.1566265060240964,0.060240963855421686,0.7048192771084337,0.18674698795180722
28015,Arroyomolinos,38075,True,18.47478626922205,73.0,40.0,78.0,0,1806.0,1838.9997492571947,149,5,12.04,42.31811337611514,3.462754684111137,0.9788935945829964,3,0.4573518316731633,False,0.8072289156626506,0.8313253012048193,0.1686746987951807,0.024096385542168676,0.4759036144578313,0.18674698795180722
28131,San Lorenzo de El Escorial,18872,True,18.445992524622348,74.0,60.0,74.0,0,360.0,334.33168356848887,35,5,10.0,22.503365382993533,1.5316955428880297,0.7966676178198417,8,1.3250137401332787,False,0.4397590361445783,0.40963855421686746,0.0963855421686747,0.1686746987951807,0.7048192771084337,0.18674698795180722
28086,El Molar,9999,True,15.798478252643818,75.0,70.0,75.0,0,143.0,198.96704352595472,10,4,13.0,7.284143218758954,1.3278379802863798,0.7580747017337254,3,1.8497564769597432,False,0.14457831325301204,0.1927710843373494,0.1927710843373494,0.26506024096385544,0.4759036144578313,0.18674698795180722
28023,El Boalo-Cerceda-Mataelpino,8770,True,14.815652935303703,76.0,69.0,77.0,0,266.0,222.34469293323755,17,2,14.777777777777779,9.092811173947537,1.7834476133332609,0.8566647852938397,1,0.5463509640865002,False,0.3253012048192771,0.26506024096385544,0.2289156626506024,0.0963855421686747,0.13855421686746988,0.18674698795180722
28052,Chinchón,5800,True,14.447702227997123,77.0,53.0,83.0,0,76.0,49.9573978555988,0,0,76.0,3.583369861103749,0.21818007935305134,0.1841297661982855,2,10.72325955402794,False,0.012048192771084338,0.012048192771084338,0.8192771084337349,0.9036144578313253,0.3132530120481928,0.5542168674698795
28085,Miraflores de la Sierra,7350,True,11.237645247636152,78.0,73.0,78.0,0,122.0,129.8103343736762,10,3,11.090909090909092,6.688857689532084,1.430641643293234,0.7876746858736215,3,2.3262936860238193,False,0.10843373493975904,0.12048192771084337,0.14457831325301204,0.24096385542168675,0.4759036144578313,0.18674698795180722
28148,Torrejón de Ardoz,143526,True,10.031240735676755,79.0,50.0,80.0,0,1975.0,4399.649577591165,327,17,6.021341463414634,121.13323464316744,2.685591689750186,0.945421456788958,26,0.9845895942152804,False,0.8192771084337349,0.9156626506024096,0.024096385542168676,0.03614457831325301,0.9397590361445783,0.18674698795180722
28067,Guadalix de la Sierra,6993,True,2.9072508392766223,80.0,80.0,81.0,0,141.0,114.63264356119942,14,2,9.4,5.697051081231279,2.2397917856768372,0.922778425763699,2,2.147695274280111,False,0.13253012048192772,0.0963855421686747,0.060240963855421686,0.04819277108433735,0.3132530120481928,0.18674698795180722
28180,Villarejo de Salvanés,8042,True,2.128841013893809,81.0,79.0,83.0,0,85.0,67.83118022467258,8,1,9.444444444444445,5.197597821959134,1.4521755458399517,0.7989825340312747,4,3.7828377623097396,False,0.03614457831325301,0.024096385542168676,0.07228915662650602,0.2289156626506024,0.5662650602409639,0.18674698795180722
28133,San Martín de Valdeiglesias,9324,True,0.10573167228452776,82.0,81.0,83.0,0,107.0,80.89738317924395,12,2,8.23076923076923,6.16573667473531,1.8141889089833456,0.8678250516592869,2,0.2754478081474382,False,0.07228915662650602,0.060240963855421686,0.03614457831325301,0.07228915662650602,0.3132530120481928,0.18674698795180722
28132,San Martín de la Vega,21010,True,0.0,83.0,74.0,83.0,0,374.0,200.02746681371661,94,0,3.9368421052631577,12.26714416368582,7.160546296016694,0.9998089555230544,3,2.194835419233852,False,0.4578313253012048,0.20481927710843373,0.012048192771084338,0.012048192771084338,0.4759036144578313,0.18674698795180722
28001,La Acebeda,70,False,,,,,0,0.0,3.1759875144009957,0,0,0.0,0.0245905486547836,0.9759996335247586,0.9759418305080158,0,3.4642324009593337,False,,,,,,
28002,Ajalvir,4868,False,,,,,0,125.00637978268644,247.7970862041488,4,3,25.001275956537288,5.439732232562629,0.776429798543083,0.5493231488669136,3,0.18969075038106084,True,,,,,,
28003,Alameda del Valle,267,False,,,,,0,4.0,10.576084419892423,0,0,4.0,0.2176302348947866,0.8212673858960216,0.8181872346384161,0,11.641969870073584,False,,,,,,
28008,Aldea del Fresno,3503,False,,,,,0,36.0,67.70341129268262,4,0,7.2,2.254254431844382,1.5364502391308719,0.8460388974504885,1,2.6015456321542656,False,,,,,,
28011,Ambite,732,False,,,,,0,14.0,28.170447983533673,0,0,14.0,0.2869723674347548,0.7770174599733173,0.7722929418180972,0,6.1940676405861135,False,,,,,,
28012,Anchuelo,1414,False,,,,,0,27.0,65.6732256459382,0,0,27.0,0.6584387908929774,0.6029767305801834,0.5891150950890276,0,3.5321353286514334,False,,,,,,
28016,El Atazar,110,False,,,,,0,3.0,3.7259032110814965,0,0,3.0,0.0440136558357766,0.957841877268797,0.9576642240859328,0,6.529060513073691,False,,,,,,
28017,Batres,1976,False,,,,,0,66.0,92.25457462284464,0,0,66.0,1.3243968638644985,0.43021913148575625,0.405092860685161,0,4.594333239392623,False,,,,,,
28019,Belmonte de Tajo,1955,False,,,,,0,34.0,81.96811731332359,0,0,34.0,0.8665199569448535,0.535756393216826,0.5175772178957355,0,5.267627124191637,False,,,,,,
28020,Berzosa del Lozoya,242,False,,,,,0,1.0,16.912739435656643,2,1,0.3333333333333333,0.1848154109328924,2.532039988944674,0.9968313318077516,0,0.8804793277875431,False,,,,,,
28021,El Berrueco,795,False,,,,,0,11.0,27.97560831302221,0,0,11.0,0.5014224904127554,0.6660350476867376,0.6559041966744295,0,3.736163673607181,False,,,,,,
28024,Braojos,233,False,,,,,0,10.0,9.40956143186772,2,0,3.3333333333333335,0.1498609701113163,2.6090110700162077,0.9981728594930056,0,2.419024612451834,False,,,,,,
28025,Brea de Tajo,577,False,,,,,0,2.0,13.035836682720012,1,0,1.0,0.1801864474208482,1.6946474892765913,0.978177977750609,0,2.224871661908709,False,,,,,,
28027,Buitrago del Lozoya,2034,False,,,,,0,81.0,79.83018906649703,0,0,81.0,2.756450204247713,0.26620877307763097,0.232884686920703,2,5.7539736439029845,False,,,,,,
28028,Bustarviejo,2870,False,,,,,0,51.0,50.10999608729605,0,0,51.0,2.951186782176268,0.253088516217705,0.2194510999363942,1,3.655157524272845,False,,,,,,
28029,Cabanillas de la Sierra,961,False,,,,,0,30.0,68.50919468381979,2,0,10.0,0.6689594886865833,1.7975271540958146,0.940257346969542,0,0.5767019779909668,False,,,,,,
28030,La Cabrera,2889,False,,,,,0,50.0,130.86637788957125,8,1,5.555555555555555,3.2966827032320523,2.094639195309911,0.9176922462240946,2,0.05216503627832455,False,,,,,,
28031,Cadalso de los Vidrios,3372,False,,,,,0,27.0,70.86500231616039,0,0,27.0,1.8275555165757984,0.3536623751992715,0.3239872042445013,1,4.313374054981572,False,,,,,,
28034,Canencia,475,False,,,,,0,3.0,9.019122124083331,0,0,3.0,0.196956944426288,0.8354519388993635,0.8328299102382889,0,8.589138146202695,False,,,,,,
28035,Carabaña,2451,False,,,,,0,29.0,51.603322332304494,0,0,29.0,1.041855273996713,0.4897506756404958,0.468521649144903,0,3.9383336599864034,False,,,,,,
28036,Casarrubuelos,4323,False,,,,,0,285.0,811.0854460723408,2,1,95.0,3.7285623059232926,0.6344423116180605,0.4840587002027995,1,1.162157554968622,False,,,,,,
28037,Cenicientos,2152,False,,,,,0,25.0,31.879974103299954,4,0,5.0,1.2124851104087142,2.2599022142464706,0.957007231454542,1,3.734819321433179,False,,,,,,
28039,Cervera de Buitrago,165,False,,,,,0,2.0,13.640292538424111,0,0,2.0,0.1017213252063513,0.90767054891372,0.9068284606823028,0,5.5493071223478125,False,,,,,,
28042,Colmenar del Arroyo,2044,False,,,,,0,60.878080325463465,40.50245117538492,2,0,20.292693441821154,2.7346207213192204,0.8032944236812025,0.5915428263663006,2,2.0467602434151013,True,,,,,,
28048,Corpa,832,False,,,,,0,12.0,32.04255290865209,0,0,12.0,0.4115187034866842,0.7084567831299968,0.7005895588123755,0,3.119548953207508,False,,,,,,
28051,Chapinería,2705,False,,,,,0,59.0,106.49683367988364,2,0,19.666666666666668,1.5090481589900482,1.19567254588193,0.7821856650834015,0,1.4954577173432142,False,,,,,,
28055,Estremera,1473,False,,,,,0,15.0,18.62074269472618,0,0,15.0,1.017485265197939,0.49566656929307895,0.4748304876746835,1,9.758453736707377,False,,,,,,
28056,Fresnedillas de la Oliva,1883,False,,,,,0,23.0,66.81156948213528,2,0,7.666666666666667,0.7351108237911151,1.72899618794676,0.9287893236561532,0,1.9461114147920788,False,,,,,,
28057,Fresno de Torote,2561,False,,,,,0,85.0,80.89037682403418,0,0,85.0,1.4917914120244369,0.40131770066080996,0.3743843500629643,0,4.79615874840609,False,,,,,,
28060,Fuentidueña de Tajo,2372,False,,,,,0,36.0,39.102720263174454,0,0,36.0,2.183781008530312,0.3140919546038806,0.282482899939279,2,10.645462825264444,False,,,,,,
28062,Garganta de los Montes,441,False,,,,,0,9.0,10.905786200051418,0,0,9.0,0.2700332344815551,0.7873809699225813,0.7830700254246296,0,4.669013305407047,False,,,,,,
28063,Gargantilla del Lozoya y Pinilla de Buitrago,396,False,,,,,0,13.0,16.652932210184417,4,0,2.6,0.2612146641913754,3.96443217951778,0.999748748974616,0,0.8377878993730267,False,,,,,,
28064,Gascones,252,False,,,,,0,4.0,12.732610289222226,0,0,4.0,0.1412167285123158,0.8762577475565003,0.8747575317476871,0,3.188725248478778,False,,,,,,
28069,La Hiruela,88,False,,,,,0,4.438419726764794,5.218855246356177,0,0,4.438419726764794,0.0520661958761102,0.9505105324358873,0.9502661187029384,0,6.25280071176748,True,,,,,,
28070,Horcajo de la Sierra-Aoslos,219,False,,,,,0,5.0,10.65619625769405,2,1,1.6666666666666667,1.0614757499233618,1.455268149582419,0.8675046214077723,1,2.2049095196403483,False,,,,,,
28071,Horcajuelo de la Sierra,104,False,,,,,0,1.0,4.266830710562846,0,0,1.0,0.0429136674414039,0.9588521382151558,0.9586828596822482,0,4.572197587377258,False,,,,,,
28076,Lozoya,598,False,,,,,0,8.0,10.288521779077943,0,0,8.0,2.11306053097588,0.32122729065166,0.2899376707731441,2,5.601621547916069,False,,,,,,
28078,Madarcos,69,False,,,,,0,0.0,8.162331071802283,0,0,0.0,0.0259559883895456,0.9747006804548323,0.9746364689155512,0,5.92772213131247,False,,,,,,
28087,Los Molinos,4781,False,,,,,0,93.0,245.00245910731797,0,0,93.0,4.143534591186143,0.19441883441662466,0.1605091056669012,0,5.3664514164091575,False,,,,,,
28088,Montejo de la Sierra,404,False,,,,,0,4.0,12.608696025837595,0,0,4.0,0.2215043757641396,0.8186626424276439,0.8154946443128095,0,7.236837359525499,False,,,,,,
28093,Navacerrada,3311,False,,,,,0,128.68769899336735,120.82286773130012,4,1,25.73753979867347,5.406100967816385,0.7805059622256195,0.5516276303591878,2,3.0686979212971885,True,,,,,,
28094,Navalafuente,1693,False,,,,,0,55.0,144.1340880023,0,0,55.0,0.8461221632293223,0.5416759626842644,0.5238861165322112,0,3.6375184617049285,False,,,,,,
28095,Navalagamella,3169,False,,,,,0,48.0,41.74531164772524,6,1,6.857142857142857,1.3529099161276437,2.9750395253212303,0.9839076734555764,0,2.8613672759342235,False,,,,,,
28097,Navarredonda y San Mamés,163,False,,,,,0,2.0,5.798120203149377,0,0,2.0,0.1083747004420499,0.9022219648293784,0.901278854918392,0,4.177089471991292,False,,,,,,
28099,Navas del Rey,3420,False,,,,,0,61.73706415699589,67.37546140697756,8,1,6.859673795221766,2.663726573697818,2.4565151953783095,0.9521314322158142,2,1.3898167159754988,True,,,,,,
28101,Olmeda de las Fuentes,429,False,,,,,0,12.0,25.895677174189007,0,0,12.0,0.336135460237753,0.7484271091959938,0.7424754536514357,0,3.5430654342206642,False,,,,,,
28102,Orusco de Tajuña,1531,False,,,,,0,28.0,71.24762616284424,2,1,9.333333333333334,1.2260826289878386,1.3476588698614698,0.8356724131848635,1,0.43822920691203293,False,,,,,,
28107,Patones,617,False,,,,,0,23.500616847307143,17.88061428214105,0,0,23.500616847307143,0.4290584842980198,0.6997614240338237,0.6914485891476797,0,5.354298332962386,True,,,,,,
28109,Pelayos de la Presa,3195,False,,,,,0,34.0,431.0818266702403,1,1,17.0,2.984456277618129,0.50195054498015,0.4090174654519109,2,1.3897934151884703,False,,,,,,
28110,Perales de Tajuña,3260,False,,,,,0,48.0,66.51398655481786,4,2,9.6,4.0660737292801175,0.9869576060651793,0.6572263815511292,5,1.5864895305288913,False,,,,,,
28111,Pezuela de las Torres,1008,False,,,,,0,19.0,24.34814139506614,0,0,19.0,1.0598642672270464,0.4854688806006537,0.4639556565585171,1,7.5556080191477815,False,,,,,,
28112,Pinilla del Valle,200,False,,,,,0,3.0,7.849216880815158,0,0,3.0,0.1174092802583684,0.8949272371970807,0.8938401928190094,0,10.02989829237664,False,,,,,,
28114,Piñuécar-Gandullas,183,False,,,,,0,1.0,9.988783470430377,0,0,1.0,0.0775924149961648,0.9279946537147433,0.9274799418066176,0,3.635633856380264,False,,,,,,
28116,Pozuelo del Rey,1302,False,,,,,0,36.0,42.16932410674754,0,0,36.0,0.671026641540929,0.5984345043582638,0.5842901879124927,0,5.87496720977046,False,,,,,,
28117,Prádena del Rincón,146,False,,,,,0,1.0,6.49994860586783,0,0,1.0,0.0588123618845261,0.9444544057080625,0.9441469358886035,0,6.580772076553595,False,,,,,,
28118,Puebla de la Sierra,98,False,,,,,0,2.0,1.699705359812479,2,0,0.6666666666666666,0.0341998927819499,2.9007931841204693,0.999971431208627,0,0.8171450162864181,False,,,,,,
28119,Quijorna,4044,False,,,,,0,102.0,157.64129644495557,0,0,102.0,2.2836797405859626,0.3045363978831727,0.2725227891830529,0,4.9763440926947125,False,,,,,,
28120,Rascafría,1704,False,,,,,0,21.0,11.40092792477253,0,0,21.0,2.181244990140924,0.3143423417872956,0.2827442523447387,1,12.15705353422952,False,,,,,,
28121,Redueña,288,False,,,,,0,10.914967172374432,22.082661765448993,2,0,3.6383223907914775,0.174160650863333,2.5550166391576568,0.9972848118557316,0,0.8308639283758463,True,,,,,,
28122,Ribatejada,905,False,,,,,0,15.0,28.42843810504282,0,0,15.0,0.5580645120360395,0.6418219478558209,0.6303050712537672,0,7.537040626113251,False,,,,,,
28124,Robledillo de la Jara,118,False,,,,,0,2.0,5.803403064058199,0,0,2.0,0.0767847800079285,0.9286906896962612,0.9281857969138896,0,2.905897517308974,False,,,,,,
28125,Robledo de Chavela,4818,False,,,,,0,131.12266115806258,51.80361836041103,2,0,43.707553719354195,3.841291663156456,0.6196693380055605,0.4739159733415363,1,2.371956096886623,True,,,,,,
28126,Robregordo,79,False,,,,,0,0.0,4.388873316013521,0,0,0.0,0.0284106364507778,0.9723742292778808,0.9722977031995376,0,3.002173861326563,False,,,,,,
28128,Rozas de Puerto Real,579,False,,,,,0,15.353573718038817,19.1959517668464,0,0,15.353573718038817,0.2648742694499876,0.7905924123469091,0.786406157476818,0,5.349619371676143,True,,,,,,
28135,Santa María de la Alameda,1584,False,,,,,0,20.0,20.995838941979283,2,1,6.666666666666667,1.3417214738022942,1.2811088054502262,0.813530934634711,1,2.223901070415327,False,,,,,,
28136,Santorcaz,1011,False,,,,,0,19.0,36.115130202890164,0,0,19.0,0.4700156053271099,0.6802648872407573,0.6709179070950634,0,6.0964876186149235,False,,,,,,
28137,Los Santos de la Humosa,2867,False,,,,,0,47.0,82.24011221230995,0,0,47.0,1.3576746524173406,0.4241467324487256,0.3986342218143034,0,5.337802665866091,False,,,,,,
28138,La Serna del Monte,110,False,,,,,0,1.0,19.92918407761246,0,0,1.0,0.7716249987089489,0.5644535388294579,0.5481484330907697,2,1.704875220088307,False,,,,,,
28140,Serranillos del Valle,4670,False,,,,,0,176.0,351.98425298609,5,1,29.333333333333332,3.421231368680404,1.3570879919344296,0.787646414584271,0,0.730847101170538,False,,,,,,
28143,Somosierra,93,False,,,,,0,2.0,4.558468424389145,2,1,0.6666666666666666,0.8380083890025078,1.6322014730455654,0.9100941720096049,1,1.0697998878628037,False,,,,,,
28145,Talamanca de Jarama,4607,False,,,,,0,78.0,117.24582712105526,0,0,78.0,3.081298302043608,0.24502007106397367,0.2112298963365415,1,4.3872167390594585,False,,,,,,
28146,Tielmes,2964,False,,,,,0,64.0,110.17032946331261,0,0,64.0,2.092941292606119,0.32331683837341696,0.2921234236443332,1,3.0683833643387644,False,,,,,,
28147,Titulcia,1389,False,,,,,0,18.0,138.31468511754127,0,0,18.0,0.7250298983645416,0.5797000973421246,0.5643738016298799,0,6.447524692206973,False,,,,,,
28150,Torrejón de Velasco,4900,False,,,,,0,126.0,93.8583291785952,0,0,126.0,3.971436944695408,0.20114908649641305,0.167160020371657,2,5.051810190698323,False,,,,,,
28153,Torremocha de Jarama,1157,False,,,,,0,41.217492771665285,61.99278686127453,2,0,13.739164257221761,0.7876138213004381,1.6782148158921626,0.9193602763429,0,0.1203746919580395,True,,,,,,
28155,Valdaracete,658,False,,,,,0,9.0,10.27156752761665,0,0,9.0,0.262102201645733,0.792328861082754,0.7882093366880375,0,6.262312908855056,False,,,,,,
28156,Valdeavero,1896,False,,,,,0,34.0,100.68048383847082,0,0,34.0,1.0462339774904794,0.48870266597098017,0.4674040594133609,0,8.441160156631085,False,,,,,,
28157,Valdelaguna,1122,False,,,,,0,11.0,26.61875250461924,0,0,11.0,0.422559013572318,0.7029585349073206,0.6948106897560554,0,5.826287905779829,False,,,,,,
28158,Valdemanco,1097,False,,,,,0,24.0,62.90158560731406,0,0,24.0,0.5864337881961337,0.6303446178721757,0.6181494754840422,0,4.018439217957842,False,,,,,,
28159,Valdemaqueda,870,False,,,,,0,9.0,16.73223053621337,0,0,9.0,0.3415078438986779,0.7454298568197776,0.7393424418943764,0,5.551366518190869,False,,,,,,
28162,Valdeolmos-Alalpardo,4626,False,,,,,0,141.0,173.36962015981007,6,1,20.142857142857142,3.0416316089219797,1.7319737861677853,0.8712368482888393,0,3.1094806849695407,False,,,,,,
28163,Valdepiélagos,612,False,,,,,0,13.0,34.813079441019774,0,0,13.0,0.2817384672083259,0.7801903629981842,0.7755942683546193,0,7.696842722012479,False,,,,,,
28165,Valdilecha,3289,False,,,,,0,30.0,77.93353029986531,0,0,30.0,1.6814051687175702,0.37293879032771005,0.3443285266779128,1,7.651187461102971,False,,,,,,
28166,Valverde de Alcalá,565,False,,,,,0,9.0,41.30619281168872,0,0,9.0,0.2915223559988987,0.7742800543522708,0.7694434713939451,0,3.383487601773156,False,,,,,,
28168,El Vellón,2281,False,,,,,0,17.0,66.93424057778527,0,0,17.0,1.1559703979796876,0.4638282607855275,0.4408844044169855,0,3.212250854408186,False,,,,,,
28169,Venturada,2622,False,,,,,0,149.75176926599246,268.3661860717106,4,0,29.950353853198493,3.07012366881266,1.2284639010633807,0.7550761786277986,0,0.10547101155614177,True,,,,,,
28170,Villaconejos,3569,False,,,,,0,25.0,107.31205612596082,0,0,25.0,1.8022363850015923,0.3568578316063196,0.3273543634989946,1,11.098428003112929,False,,,,,,
28173,Villamanrique de Tajo,859,False,,,,,0,14.894747904020019,29.314653149283316,0,0,14.894747904020019,0.3097195803431887,0.7635222188080656,0.7582339746432359,0,9.605130117245901,True,,,,,,
28174,Villamanta,2899,False,,,,,0,38.0,45.90892279788472,0,0,38.0,2.0055631633771767,0.33271634819890394,0.3019698173703805,1,6.894700441114567,False,,,,,,
28175,Villamantilla,1660,False,,,,,0,62.0,69.43072440991745,0,0,62.0,0.9188429278311968,0.5211473985159724,0.5020030072319338,0,4.948832861705785,False,,,,,,
28178,Villanueva de Perales,1715,False,,,,,0,36.1068244041034,54.201516672621764,0,0,36.1068244041034,2.262570424412284,0.30650679369783684,0.2745743371908389,2,6.522154166930235,True,,,,,,
28179,Villar del Olmo,2341,False,,,,,0,87.0,84.26971217618124,0,0,87.0,1.3222838151565226,0.4306105883671242,0.4055093191825551,0,3.7161596078786703,False,,,,,,
28182,Villavieja del Lozoya,332,False,,,,,0,7.0,14.162682075661712,0,0,7.0,0.1954252107927022,0.8365224281466231,0.8339335718116541,0,5.076789622511598,False,,,,,,
28183,Zarzalejo,1946,False,,,,,0,28.0,94.5867430819216,4,0,5.6,1.1771760835155065,2.2965528777656115,0.9600320190013064,0,0.6505435440179214,False,,,,,,
28901,Lozoyuela-Navas-Sieteiglesias,1468,False,,,,,0,37.0,28.533512675357226,10,0,3.3636363636363638,2.0736003304917205,3.578864789567549,0.9908550166825132,2,0.5336265846189484,False,,,,,,
28902,Puentes Viejas,759,False,,,,,0,10.0,12.970868317145692,0,0,10.0,0.3628993329935567,0.7337299063779992,0.7271000500784177,0,3.753903030800306,False,,,,,,
